simulation_id,generate_network_from_file,nodes_filename,channels_filename,edges_filename,n_additional_nodes,n_channels_per_node,capacity_per_channel,faulty_node_probability,generate_payments_from_file,payment_timeout,average_payment_forward_interval,variance_payment_forward_interval,routing_method,group_size,group_limit_rate,group_cap_update,group_broadcast_delay,payments_filename,payment_rate,n_payments,average_payment_amount,variance_payment_amount,average_max_fee_limit,variance_max_fee_limit,mpp,seed,request_amt_rate,simulation_time,success_rate,fail_no_path_rate,fail_timeout_rate,fail_no_alternative_path_rate,retry_rate,retry_no_balance_rate,time/average,time/variance,time/max,time/min,time/5-percentile,time/25-percentile,time/50-percentile,time/75-percentile,time/95-percentile,time_success/average,time_success/variance,time_success/max,time_success/min,time_success/5-percentile,time_success/25-percentile,time_success/50-percentile,time_success/75-percentile,time_success/95-percentile,time_fail/average,time_fail/variance,time_fail/max,time_fail/min,time_fail/5-percentile,time_fail/25-percentile,time_fail/50-percentile,time_fail/75-percentile,time_fail/95-percentile,retry/average,retry/variance,retry/max,retry/min,retry/5-percentile,retry/25-percentile,retry/50-percentile,retry/75-percentile,retry/95-percentile,fee/average,fee/variance,fee/max,fee/min,fee/5-percentile,fee/25-percentile,fee/50-percentile,fee/75-percentile,fee/95-percentile,fee_per_satoshi/average,fee_per_satoshi/variance,fee_per_satoshi/max,fee_per_satoshi/min,fee_per_satoshi/5-percentile,fee_per_satoshi/25-percentile,fee_per_satoshi/50-percentile,fee_per_satoshi/75-percentile,fee_per_satoshi/95-percentile,route_len/average,route_len/variance,route_len/max,route_len/min,route_len/5-percentile,route_len/25-percentile,route_len/50-percentile,route_len/75-percentile,route_len/95-percentile,group_cover_rate,total_locked_balance_duration/average,total_locked_balance_duration/variance,total_locked_balance_duration/max,total_locked_balance_duration/min,total_locked_balance_duration/5-percentile,total_locked_balance_duration/25-percentile,total_locked_balance_duration/50-percentile,total_locked_balance_duration/75-percentile,total_locked_balance_duration/95-percentile,group_survival_time/average,group_survival_time/var,group_survival_time/max,group_survival_time/min,group_survival_time/5-percentile,group_survival_time/25-percentile,group_survival_time/50-percentile,group_survival_time/75-percentile,group_survival_time/95-percentile,group_capacity/average,group_capacity/var,group_capacity/max,group_capacity/min,group_capacity/5-percentile,group_capacity/25-percentile,group_capacity/50-percentile,group_capacity/75-percentile,group_capacity/95-percentile,cul/average,cul/var,cul/max,cul/min,cul/5-percentile,cul/25-percentile,cul/50-percentile,cul/75-percentile,cul/95-percentile
routing_method=group_routing/average_payment_amount=15849/,true,nodes_ln.csv,channels_ln.csv,edges_ln.csv,,,,0.0,false,-1,100,1,group_routing,10,0.1,true,0,,1,5000,15849,1584,,,0,2,15849,4984668,0.6918,0.3038,0.0,0.0044,0.022482893450635387,0.022482893450635387,454.3014,106954.32975804,1807,0,0.0,0.0,601.0,606.0,805.0,653.3824804856895,24174.03150572924,1807,200,401.0,601.0,603.0,802.0,806.0,7.434782608695652,4114.359958242812,804,0,0.0,0.0,0.0,0.0,0.0,0.0265972824515756,0.03167188494202228,3,0,0.0,0.0,0.0,0.0,0.0,4127.368025440879,500510456.2221752,601184,0,15.0,37.0,1033.0,2049.0,16858.4,0.00026553629142146424,2.1202194294593812e-06,0.04419871758985622,0.0,1.003957750565177e-06,2.1117480609241463e-06,6.779165605054236e-05,0.0001412519066103318,0.0010580187190971215,3.219138479329286,0.4868149848708879,6,1,2.0,3.0,3.0,4.0,4.0,0.987786059034048,7615303989.402648,9.410631780533985e+19,229229901515,1089810099,1436063495.0,1759913480.0,5176484439.0,9106912561.0,20805459776.35,-1.1794725043162158e+18,7.231467096798844e+36,4850218,-7310575239085056243,-7.310575239084511e+18,0.0,800.0,456301.0,1834531.0999999999,1690030762.1323838,1.2700572760253493e+19,45346707225,5822,3149769.2000000016,37894420.0,240144808.0,999066232.0,9529371971.199978,0.04781540867541964,0.0012070381806003102,0.152398,5.5e-05,0.0010328,0.014593,0.047739,0.075335,0.1048766
routing_method=group_routing/average_payment_amount=3981/,true,nodes_ln.csv,channels_ln.csv,edges_ln.csv,,,,0.0,false,-1,100,1,group_routing,10,0.1,true,0,,1,5000,3981,398,,,0,2,3981,4984672,0.8494,0.1476,0.0,0.003,0.009508716323296355,0.009508716323296355,548.8062,69763.01664156,1407,0,0.0,403.0,602.0,801.0,805.0,644.3143395337886,20555.625466616995,1407,200,401.0,601.0,603.0,802.0,805.0,10.130146082337317,5678.091959739616,804,0,0.0,0.0,0.0,0.0,0.0,0.007770190722863198,0.007709814858993526,1,0,0.0,0.0,0.0,0.0,0.0,2222.410171886037,354946580.3634284,601050,0,4.0,10.0,1007.0,1874.0,4959.099999999999,0.0005687747325079528,2.3842306811696085e-05,0.17596569418567243,0.0,9.700801952687022e-07,2.3565591595807328e-06,0.0002506516703801135,0.0004452298978803748,0.0012520107538708143,3.1994348952201555,0.4855377074990649,6,1,2.0,3.0,3.0,4.0,4.0,0.9872935614144531,2036420993.4303896,8.848127956429586e+18,66021873930,225167900,361911305.2,443097800.0,1304466600.0,2367382075.0,5648732595.199995,-9.295709726859268e+17,5.93159634263089e+36,4838851,-7310575239085056243,-7.31057523908445e+18,0.0,0.0,384591.25,1624229.5499999977,1411317348.7982678,1.0411029056457183e+19,45346707225,3730,2898283.0500000003,38327193.25,181203054.0,931417477.0,8908148860.0,0.04681465480545394,0.0012057204296001623,0.151185,0.000102,0.00089065,0.013174,0.046116000000000004,0.07453425,0.10489589999999994
routing_method=group_routing/average_payment_amount=100000/,true,nodes_ln.csv,channels_ln.csv,edges_ln.csv,,,,0.0,false,-1,100,1,group_routing,10,0.1,true,0,,1,5000,100000,10000,,,0,2,100000,4983868,0.3158,0.6828,0.0,0.0014,0.009704892057833234,0.009704892057833234,214.0386,107274.75231004,1805,0,0.0,0.0,0.0,601.0,804.0,675.60607979734,27168.550336690278,1805,200,401.0,601.0,603.0,803.0,1002.0,0.997076878105817,528.9172671057527,603,0,0.0,0.0,0.0,0.0,0.0,0.026599113362887904,0.025891600531196147,1,0,0.0,0.0,0.0,0.0,0.0,13761.732108929702,4049871812.939635,1988244,0,99.0,233.0,1265.0,5497.0,67851.79999999999,0.0001409909652007064,4.3004478506341725e-07,0.02012303951208306,0.0,1.0033942859094954e-06,2.0191724767263525e-06,1.3421879889371146e-05,5.588108432272619e-05,0.0006711250720288672,3.3324889170360987,0.5740616330310628,6,1,2.0,3.0,3.0,4.0,4.0,0.9833535804576945,43051104722.199486,1.4694503502190302e+21,455661518349,6882630500,8848468200.0,10920790508.0,32799884400.0,57057822856.5,108945276648.0,-1.976785653497646e+18,1.054375873156356e+37,4945925,-7310575239085056042,-7.310575239084591e+18,-7.310575239080961e+18,0.0,466350.0,2038040.9,2423544436.496011,1.8969170631151145e+19,45346707225,21832,4244072.0,69106554.0,351849418.5,2247786396.0,15203561025.0,0.03769666126878131,0.001295605548243692,0.150381,3.1e-05,0.00050745,0.00445425,0.026468,0.06666925,0.1039391
routing_method=group_routing/average_payment_amount=158/,true,nodes_ln.csv,channels_ln.csv,edges_ln.csv,,,,0.0,false,-1,100,1,group_routing,10,0.1,true,0,,1,5000,158,15,,,0,2,158,4984671,0.9866,0.0116,0.0,0.0018,0.0029910269192422734,0.0029910269192422734,630.3522,24341.463755160003,1407,0,401.0,601.0,603.0,801.0,805.0,638.0190553415771,19854.928888870443,1407,200,401.0,601.0,603.0,802.0,805.0,65.86567164179104,31698.08643350411,604,0,0.0,0.0,0.0,0.0,601.0,0.001216298398540442,0.0012148190167461496,1,0,0.0,0.0,0.0,0.0,0.0,1521.0567605919318,302964530.7383148,601007,0,0.0,2.0,1000.0,1028.0,2042.3999999999996,0.00979569021368466,0.01284558584523955,4.396513570549271,0.0,0.0,1.2475594618028483e-05,0.005791483651960503,0.007134762186473175,0.01404781781377857,3.1761605513886075,0.485691563114393,6,1,2.0,3.0,3.0,4.0,4.0,0.9863085661752635,85911822.72490208,2.3004717464355076e+16,5456594753,9375224,14438215.0,17600510.25,51452534.0,95580636.0,238165953.24999982,-7.189966017902575e+17,4.7393226406493485e+36,4876952,-7310575239085056243,-7.310575239084285e+18,0.0,0.0,279531.0,1420421.2999999996,1138981702.684784,8.540143851984216e+18,45346707225,42,1951927.7000000007,19250879.25,96166497.0,598847970.0,7933922207.0,0.03895709221038615,0.001189867068691231,0.150369,8e-05,0.00047505000000000003,0.0042387499999999995,0.0331405,0.06789,0.09917949999999999
routing_method=group_routing/average_payment_amount=631/,true,nodes_ln.csv,channels_ln.csv,edges_ln.csv,,,,0.0,false,-1,100,1,group_routing,10,0.1,true,0,,1,5000,631,63,,,0,2,631,4984671,0.969,0.0286,0.0,0.0024,0.00813330688355485,0.00813330688355485,621.5028,31616.73519216,1407,0,400.0,601.0,603.0,802.0,805.0,640.1428276573787,20803.139971777313,1407,200,401.0,601.0,603.0,802.0,805.0,38.851612903225806,19285.752174817895,605,0,0.0,0.0,0.0,0.0,402.0,0.005985552115583075,0.005949725281454716,1,0,0.0,0.0,0.0,0.0,0.0,1617.5001031991744,308293071.6526832,601012,0,0.0,2.0,1000.0,1088.0,2216.2000000000007,0.0026084230156232617,0.0008224106897351619,1.1099144628771846,0.0,0.0,3.2370735560224134e-06,0.0014669532115273182,0.001874091065833071,0.0037063973661355786,3.1797729618163055,0.48759912286026785,6,1,2.0,3.0,3.0,4.0,4.0,0.9856519026824704,338631667.9769853,3.3777864988060736e+17,18367146061,35726300,57538575.0,70667048.75,205894825.0,378738613.75,945193759.75,-7.705397246766798e+17,5.0393571646491246e+36,4922696,-7310575239085056243,-7.310575239084359e+18,0.0,0.0,314045.0,1479981.6499999997,1201285358.1465857,8.885745140232273e+18,45346707225,3397,2355465.250000001,24921164.0,105397509.0,738685927.0,8339930310.0,0.04262222385076615,0.001199251923584801,0.151158,8e-05,0.000627,0.00747475,0.0396345,0.07023650000000001,0.10268229999999998
routing_method=group_routing/average_payment_amount=63/,true,nodes_ln.csv,channels_ln.csv,edges_ln.csv,,,,0.0,false,-1,100,1,group_routing,10,0.1,true,0,,1,5000,63,6,,,0,2,63,4984670,0.9906,0.008,0.0,0.0014,0.0017967658215212617,0.0017967658215212617,632.014,22754.299804000002,1407,0,401.0,601.0,603.0,802.0,805.0,637.2414698162729,19678.59947548955,1407,200,401.0,601.0,603.0,802.0,805.0,81.12765957446808,40525.260298777735,603,0,0.0,0.0,0.0,0.0,602.0,0.0004037956793862306,0.00040363262843553973,1,0,0.0,0.0,0.0,0.0,0.0,1494.5608721986675,301520480.3351296,601006,0,0.0,2.0,1000.0,1017.0,2021.0,0.024138574562532527,0.08042954937559334,11.031863646392587,0.0,0.0,3.0445570930568875e-05,0.014473987108655616,0.017561095419378607,0.03487394832067572,3.1738340399757723,0.48522691128222495,6,1,2.0,3.0,3.0,4.0,4.0,0.9868010637948583,34695331.20399341,4052545471299769.5,2692036453,3692900,5757250.0,7029950.0,20623748.5,38498986.5,96010218.0,-7.047619486840372e+17,4.6555258471870353e+36,4922692,-7310575239085056243,-7.310575239084249e+18,0.0,0.0,272486.5,1397572.75,1109596408.328134,8.352468078803292e+18,45346707225,2389,1684453.0,18079091.0,94667270.0,546080031.5,7742861257.0,0.03714244185659624,0.0011973023840842502,0.14923,5.6e-05,0.00041,0.002876,0.030111,0.0652155,0.099356
routing_method=group_routing/average_payment_amount=10/,true,nodes_ln.csv,channels_ln.csv,edges_ln.csv,,,,0.0,false,-1,100,1,group_routing,10,0.1,true,0,,1,5000,10,1,,,0,2,10,4984668,0.9934,0.0066,0.0,0.0,0.0001999600079984003,0.0001999600079984003,633.1242,22257.06037436,1407,0,401.0,601.0,603.0,802.0,805.0,637.330581840145,19724.07714608788,1407,200,401.0,601.0,603.0,802.0,805.0,0.0,0.0,0,0,0.0,0.0,0.0,0.0,0.0,0.00020132876988121604,0.0002012882366076342,1,0,0.0,0.0,0.0,0.0,0.0,1472.588282665593,300158896.01551,601006,0,0.0,2.0,1000.0,1009.0,2004.0,0.14994447676805814,3.189384858992504,70.06083605791686,0.0,0.0,0.00018561492752628547,0.09036796536796536,0.10998130961688504,0.21957667046357,3.1745520434870143,0.4867451939393514,6,1,2.0,3.0,3.0,4.0,4.0,0.9871293955412549,6105041.559785964,216502360658045.03,502724955,565400,910785.0,1119822.0,3450056.0,6559865.5,16599857.599999998,-6.882988168336022e+17,4.558105026181814e+36,4922693,-7310575239085056243,-7.310575239084215e+18,0.0,0.0,261797.0,1367630.15,1073104173.4501207,8.113155626017512e+18,45346707225,16800,1476167.0,16592198.5,92068954.0,496184183.0,7421303131.0,0.03389079943455845,0.0011267581394472175,0.147112,4e-05,0.0003572,0.002024,0.023734,0.062127,0.09324819999999998
routing_method=group_routing/average_payment_amount=16/,true,nodes_ln.csv,channels_ln.csv,edges_ln.csv,,,,0.0,false,-1,100,1,group_routing,10,0.1,true,0,,1,5000,16,1,,,0,2,16,4984671,0.9928,0.0066,0.0,0.0006,0.0007993605115907274,0.0007993605115907274,632.9334,22258.52936444,1406,0,401.0,601.0,603.0,802.0,805.0,637.2403303787269,19700.440428255075,1406,200,401.0,601.0,603.0,802.0,805.0,39.05555555555556,19741.885802469133,604,0,0.0,0.0,0.0,0.0,301.5,0.000201450443190975,0.00020140986090991323,1,0,0.0,0.0,0.0,0.0,0.0,1474.135979049154,300341954.945853,601006,0,0.0,2.0,1000.0,1011.0,2006.0,0.09296567456016885,1.2125331247670714,41.197541884097774,0.0,0.0,0.00011992205099041604,0.058627155809263545,0.06677654761865258,0.1326963906581741,3.1740531829170022,0.4862244258581204,6,1,2.0,3.0,3.0,4.0,4.0,0.9882785566536428,9353670.95616833,383316726642243.94,781951021,1177054,1513081.0,1724336.5,5262383.0,10289115.5,25192237.000000004,-6.876350988697793e+17,4.5541660981266464e+36,4922692,-7310575239085056243,-7.310575239084216e+18,0.0,0.0,261258.0,1374653.0,1068519419.4291505,8.028507358983219e+18,45346707225,18354,1501487.0,16838576.0,92069252.0,497394848.5,7356808011.0,0.034873900166112956,0.0011799314844732557,0.150844,6.3e-05,0.000376,0.00209525,0.024759,0.06355775,0.09645175000000002
routing_method=group_routing/average_payment_amount=40/,true,nodes_ln.csv,channels_ln.csv,edges_ln.csv,,,,0.0,false,-1,100,1,group_routing,10,0.1,true,0,,1,5000,40,4,,,0,2,40,4984669,0.9916,0.007,0.0,0.0014,0.001996007984031936,0.001996007984031936,632.7718,22502.03012476,1408,0,401.0,601.0,603.0,802.0,805.0,637.4029850746268,19795.54151589772,1408,200,401.0,601.0,603.0,802.0,805.0,86.07142857142857,40583.39965986395,606,0,0.0,0.0,0.0,0.0,601.0,0.0006050826946349334,0.0006047165695675869,1,0,0.0,0.0,0.0,0.0,0.0,1479.2319483662768,300713624.4960184,601006,0,0.0,2.0,1000.0,1013.75,2013.0,0.037653127998178756,0.19968927870704084,17.513675238623428,0.0,0.0,4.741443789102222e-05,0.022660751280854,0.02766081136635568,0.055030339519555,3.174062121823316,0.4862413047330533,6,1,2.0,3.0,3.0,4.0,4.0,0.9868010637948583,22296659.043925524,1779525487684319.5,1895948037,2261900,3639800.0,4485400.0,13211594.0,24653709.0,61312189.0,-6.983625986511278e+17,4.6177220024083664e+36,4922693,-7310575239085056243,-7.31057523908423e+18,0.0,0.0,263746.5,1394100.7,1100301961.3383996,8.274456441930293e+18,45346707225,8803,1620458.0,17647109.0,94208126.5,527159465.5,7706988998.0,0.03615446015637997,0.0011641801618790897,0.15107,6.7e-05,0.0003965,0.002584,0.028406,0.0638705,0.09729750000000001
routing_method=group_routing/average_payment_amount=6310/,true,nodes_ln.csv,channels_ln.csv,edges_ln.csv,,,,0.0,false,-1,100,1,group_routing,10,0.1,true,0,,1,5000,6310,631,,,0,2,6310,4984673,0.799,0.1974,0.0,0.0036,0.01009701049297169,0.01009701049297169,516.8376,82512.98482624,1402,0,0.0,401.0,602.0,801.0,805.0,644.6951188986233,20797.92957567422,1402,200,401.0,601.0,603.0,802.0,805.0,8.588059701492538,4536.885031558623,605,0,0.0,0.0,0.0,0.0,0.0,0.008260325406758449,0.008692718213160696,2,0,0.0,0.0,0.0,0.0,0.0,2403.9767209011266,294999314.15940803,601076,0,6.0,14.0,1011.0,2010.0,7155.999999999989,0.00038911034300640336,8.166251583961217e-06,0.11102274699569203,0.0,9.90879062941982e-07,2.241475986917589e-06,0.0001605237770293013,0.0002938522013756876,0.001146343986173287,3.199499374217772,0.4836042550058661,6,1,2.0,3.0,3.0,4.0,4.0,0.9879502249072463,3136654303.5172973,1.9246449993848287e+19,115687279702,360397088,572802888.0,703102975.0,2065499894.0,3681503070.75,8621785289.399992,-1.0024916575029074e+18,6.323801165368348e+36,4838849,-7310575239085056243,-7.31057523908447e+18,0.0,0.0,408897.5,1712317.1999999988,1495082421.3242204,1.1109404934560172e+19,45346707225,313,2896738.8000000003,39353336.0,194349592.0,945849509.0,9158960425.0,0.047067055333998,0.0011993869573669945,0.152736,5e-05,0.000911,0.01316575,0.04682,0.07364325000000001,0.10531579999999997
routing_method=group_routing/average_payment_amount=2512/,true,nodes_ln.csv,channels_ln.csv,edges_ln.csv,,,,0.0,false,-1,100,1,group_routing,10,0.1,true,0,,1,5000,2512,251,,,0,2,2512,4984672,0.8968,0.0996,0.0,0.0036,0.006359300476947536,0.006359300476947536,577.2818,55093.082788759995,1206,0,0.0,600.0,602.0,801.0,805.0,641.8768956289027,20086.804203030144,1206,200,401.0,601.0,603.0,802.0,805.0,15.955426356589147,7948.701501562405,804,0,0.0,0.0,0.0,0.0,0.0,0.0031222123104371097,0.0031124641007256658,1,0,0.0,0.0,0.0,0.0,0.0,1973.528322925959,333658514.4302862,601033,0,2.0,6.0,1004.0,1569.5,3614.0,0.0008026208912539986,5.635143400359463e-05,0.2788424046982695,0.0,8.505564715448774e-07,2.4989114287629936e-06,0.00038973383753145035,0.0006205889345527954,0.0014201700902428014,3.1931311329170384,0.48812409431174064,6,1,2.0,3.0,3.0,4.0,4.0,0.9876218931608497,1303192946.3957345,4.044661313635219e+18,54495907924,142139800,228237728.9,280376409.25,821397776.0,1479781800.25,3635848394.500001,-8.745202674615661e+17,5.628460515182739e+36,4838853,-7310575239085056243,-7.310575239084442e+18,0.0,0.0,361087.25,1579932.0,1347633419.1876,9.935366459492958e+18,45346707225,106,2713474.9000000004,35484067.0,165173365.0,917232540.0,8706770663.0,0.046578383144946806,0.0012488146353753077,0.14679,8e-05,0.00079575,0.011561749999999999,0.045717,0.07389725,0.10641375
routing_method=group_routing/average_payment_amount=63096/,true,nodes_ln.csv,channels_ln.csv,edges_ln.csv,,,,0.0,false,-1,100,1,group_routing,10,0.1,true,0,,1,5000,63096,6309,,,0,2,63096,4985074,0.4436,0.5518,0.0,0.0046,0.02056807051909892,0.02056807051909892,301.557,125165.21995099999,1807,0,0.0,0.0,0.0,603.0,805.0,675.0861136158702,28976.452909061936,1807,200,401.0,601.0,603.0,803.0,1002.0,3.7541337167505393,1928.8726913954918,805,0,0.0,0.0,0.0,0.0,0.0,0.0369702434625789,0.04732571687829961,3,0,0.0,0.0,0.0,0.0,0.0,10545.587917042381,2395394813.440647,1805141,0,63.0,156.75,1181.0,4784.0,62085.90000000004,0.00016606832976392657,4.831508419469784e-07,0.022884396034845815,0.0,1.0053498596339045e-06,2.0469237607349464e-06,1.9844127812777555e-05,8.08156597032777e-05,0.0010009918790865255,3.318755635707845,0.5634083704033155,6,1,2.0,3.0,3.0,4.0,4.0,0.9840102439504875,28599802900.136326,9.529453277026092e+20,601263879928,4348883000,5665875080.0,6875121700.0,20656332000.0,37144283180.0,72520340364.99997,-1.6170175168538258e+18,9.206582570066562e+36,4840307,-7310575239085056041,-7.310575239084591e+18,0.0,0.0,503623.0,2008652.7999999998,2152867618.634756,1.6766990457545026e+19,45346707225,6841,4404438.0,51642482.0,315284457.0,1825106759.0,14422743602.0,0.043735958458458464,0.0012848700724849278,0.153273,5.5e-05,0.00067665,0.008175,0.04055,0.07262725,0.1058469
routing_method=group_routing/average_payment_amount=10000/,true,nodes_ln.csv,channels_ln.csv,edges_ln.csv,,,,0.0,false,-1,100,1,group_routing,10,0.1,true,0,,1,5000,10000,1000,,,0,2,10000,4984674,0.7354,0.26,0.0,0.0046,0.012443215484890382,0.012443215484890382,476.8778,95743.57206716,1606,0,0.0,0.0,601.0,606.0,805.0,645.1299972803916,21274.321963910792,1606,200,401.0,601.0,603.0,802.0,805.0,9.2562358276644,5366.893526874092,1004,0,0.0,0.0,0.0,0.0,0.0,0.010334511830296437,0.01131555304608342,2,0,0.0,0.0,0.0,0.0,0.0,3206.67391895567,433795081.12810135,601118,0,10.0,23.0,1019.0,2020.0,11114.39999999999,0.00032676409641283144,4.612550254172185e-06,0.07005604782723016,0.0,1.000001632234353e-06,2.1546122314985895e-06,0.00010359555887160748,0.00020294303106487444,0.0010957070827809527,3.200435137340223,0.4844382115257699,6,1,2.0,3.0,3.0,4.0,4.0,0.9892635518928325,4844354187.823021,3.9532361311039726e+19,145450152280,571152273,905888610.0,1117106369.5,3272731408.5,5766509371.5,13210574352.149986,-1.1107621669912289e+18,6.886517802900577e+36,4838847,-7310575239085056243,-7.310575239084501e+18,0.0,0.0,440808.5,1761810.7,1595934494.7621968,1.2021197655503604e+19,45346707225,2958,3245811.0,38083080.0,219559246.0,963765742.0,9344718379.0,0.048527248423498176,0.0012039926576072205,0.150683,8e-05,0.00101775,0.015171,0.048850000000000005,0.07593375000000001,0.10638525
routing_method=group_routing/average_payment_amount=251/,true,nodes_ln.csv,channels_ln.csv,edges_ln.csv,,,,0.0,false,-1,100,1,group_routing,10,0.1,true,0,,1,5000,251,25,,,0,2,251,4984674,0.9834,0.0156,0.0,0.001,0.0035870864886408927,0.0035870864886408927,628.3324,26002.71551024,1408,0,401.0,601.0,603.0,802.0,805.0,638.4484441732764,20028.237986698783,1408,200,401.0,601.0,603.0,802.0,805.0,29.048192771084338,14732.575990709824,605,0,0.0,0.0,0.0,0.0,179.9999999999983,0.0026438885499288182,0.0026368984032643745,1,0,0.0,0.0,0.0,0.0,0.0,1541.3581452104943,303994711.06900674,601008,0,0.0,2.0,1000.0,1042.0,2056.5999999999995,0.006255483070625516,0.005126854160442843,2.7891455931573077,0.0,0.0,7.96508108452544e-06,0.003637858465478542,0.004563462213529913,0.008929248607490642,3.1761236526337195,0.4855556064305876,6,1,2.0,3.0,3.0,4.0,4.0,0.9861444003020652,135723904.71994635,5.73385796990292e+16,8537956029,14379774,22834379.0,28071450.0,81847436.0,151603206.0,379020376.5,-7.3373742129067e+17,4.825672020676563e+36,4876951,-7310575239085056243,-7.310575239084312e+18,0.0,0.0,289310.0,1444108.5999999996,1163601521.9067671,8.73342239128235e+18,45346707225,10862,2109729.0,20078520.0,96777688.0,626371993.0,8185350814.0,0.04040920858997836,0.0012248877075584546,0.150457,7.9e-05,0.0005082,0.004982,0.035526,0.0691855,0.1012768
routing_method=group_routing/average_payment_amount=25/,true,nodes_ln.csv,channels_ln.csv,edges_ln.csv,,,,0.0,false,-1,100,1,group_routing,10,0.1,true,0,,1,5000,25,2,,,0,2,25,4984672,0.9922,0.007,0.0,0.0008,0.000999000999000999,0.000999000999000999,632.603,22387.629791000003,1402,0,401.0,601.0,603.0,802.0,805.0,637.170731707317,19681.528399565395,1402,200,401.0,601.0,603.0,802.0,805.0,51.56410256410256,26357.37409598948,604,0,0.0,0.0,0.0,0.0,602.1,0.00020157226365652087,0.00020153163227904527,1,0,0.0,0.0,0.0,0.0,0.0,1475.7496472485386,300526681.52410036,601006,0,0.0,2.0,1000.0,1012.0,2009.0,0.059794587814685836,0.5029921368538951,27.113787337882417,0.0,0.0,7.645552200007645e-05,0.03691671588895452,0.04342663273960984,0.08639308855291576,3.173755291271921,0.4858340937157032,6,1,2.0,3.0,3.0,4.0,4.0,0.9868010637948583,14206441.99279539,773047688567340.2,1209183802,1647209,2321575.0,2744409.0,8207065.0,15637245.25,38679233.0,-6.929295812817769e+17,4.585562434733885e+36,4922690,-7310575239085056243,-7.310575239084219e+18,0.0,0.0,266007.5,1378515.5,1087191414.5310192,8.17110253248257e+18,45346707225,8213,1547463.0,17547931.0,93569111.0,506834114.0,7563401952.0,0.035129586092164364,0.001177375850492796,0.145356,5.4e-05,0.000353,0.002071,0.025242,0.06334000000000001,0.0958385
routing_method=group_routing/average_payment_amount=39811/,true,nodes_ln.csv,channels_ln.csv,edges_ln.csv,,,,0.0,false,-1,100,1,group_routing,10,0.1,true,0,,1,5000,39811,3981,,,0,2,39811,4984669,0.5458,0.4482,0.0,0.006,0.02969144187851737,0.02969144187851737,369.7512,126384.79969856,1805,0,0.0,0.0,402.0,604.0,805.0,671.5639428362038,27592.989040665107,1805,200,401.0,601.0,603.0,803.0,1002.0,7.070893879348305,4101.735616946466,805,0,0.0,0.0,0.0,0.0,0.0,0.04470502015390253,0.05736386498395892,3,0,0.0,0.0,0.0,0.0,0.0,7681.411872480762,1278245210.8314602,1393431,0,39.0,107.0,1103.0,3442.0,40797.19999999999,0.0001949444257371159,8.463849803477444e-07,0.03542469820908161,0.0,1.0057455555641251e-06,2.9727436618966464e-06,2.957919476106118e-05,8.911004829552041e-05,0.0010139285217645583,3.290949065591792,0.5192328479003727,5,1,2.0,3.0,3.0,4.0,4.0,0.9863085661752635,18863692633.38355,4.913485902503699e+20,554477399403,2740075200,3603812640.0,4441256836.25,13090231855.0,23357358494.5,50910491674.14999,-1.3773898380918502e+18,8.172309278843616e+36,4833074,-7310575239085056243,-7.310575239084513e+18,0.0,0.0,479294.5,1885638.3999999992,1962952101.5117211,1.4824464644017914e+19,45346707225,18697,4112611.8000000007,47866383.0,290368233.0,1710725075.0,11031294765.0,0.04594876581225033,0.0012590387761204226,0.149531,8e-05,0.0009327000000000001,0.011165000000000001,0.0428665,0.07480275,0.10722664999999998
routing_method=group_routing/average_payment_amount=100/,true,nodes_ln.csv,channels_ln.csv,edges_ln.csv,,,,0.0,false,-1,100,1,group_routing,10,0.1,true,0,,1,5000,100,10,,,0,2,100,4984669,0.9884,0.0104,0.0,0.0012,0.0017967658215212617,0.0017967658215212617,630.6568,23760.37021376,1407,0,401.0,601.0,603.0,802.0,805.0,637.4484014569,19759.78032018849,1407,200,401.0,601.0,603.0,802.0,805.0,51.96551724137931,25824.37812128419,604,0,0.0,0.0,0.0,0.0,601.15,0.0006070416835289356,0.0006066731839233938,1,0,0.0,0.0,0.0,0.0,0.0,1502.4528530959126,302206204.2955311,601007,0,0.0,2.0,1000.0,1021.0,2031.8999999999996,0.0153089122962836,0.0321198347997805,7.005429198580235,0.0,0.0,1.9360663273488275e-05,0.009089010462861107,0.011183800553921399,0.022128504151738587,3.1742209631728047,0.4854301397628926,6,1,2.0,3.0,3.0,4.0,4.0,0.9869652296680566,54491513.24406047,9473451091023116.0,3778218722,5767998,9100791.5,11197383.0,32698200.0,60560804.5,151650565.39999998,-7.117939053581489e+17,4.6969723361390444e+36,4876951,-7310575239085056243,-7.310575239084274e+18,0.0,0.0,278974.5,1407066.399999998,1126540104.8025568,8.476634233865183e+18,45346707225,10839,1815775.0,18698192.0,95146281.0,574265135.0,7837292213.399991,0.038564229208250166,0.0012229049764943699,0.146069,8e-05,0.00043410000000000003,0.003491,0.032156500000000005,0.06744575,0.10052229999999998
routing_method=group_routing/average_payment_amount=25119/,true,nodes_ln.csv,channels_ln.csv,edges_ln.csv,,,,0.0,false,-1,100,1,group_routing,10,0.1,true,0,,1,5000,25119,2511,,,0,2,25119,4984671,0.6212,0.3748,0.0,0.004,0.0259107734268459,0.0259107734268459,413.6684,118640.22324144,1606,0,0.0,0.0,601.0,605.0,805.0,662.1101094655505,25645.610541713704,1606,200,401.0,601.0,603.0,802.0,807.0,6.2449841605068634,3928.722453722029,804,0,0.0,0.0,0.0,0.0,0.0,0.035737282678686415,0.04347493935050412,3,0,0.0,0.0,0.0,0.0,0.0,5021.791693496459,474073788.95435476,601288,0,24.0,62.0,1055.0,2497.0,25761.25,0.00020284556208252609,8.176983925812037e-07,0.02788919727947816,0.0,1.0049369271542474e-06,2.0829743444911477e-06,4.432941881172111e-05,0.00010199463214602072,0.0010047805429054027,3.253380553766903,0.5046972003172722,5,1,2.0,3.0,3.0,4.0,4.0,0.9871293955412549,11998004728.713001,2.1936510360258934e+20,332192446686,1709965100,2274893875.0,2793904200.0,8237705510.0,14613130074.0,32234304871.69999,-1.2828266901150794e+18,7.732556719921966e+36,4905415,-7310575239085056243,-7.310575239084513e+18,0.0,602.0,463493.0,1857900.8999999994,1800451473.8280118,1.3595482760997138e+19,45346707225,12891,3572069.25,41738373.5,264466454.0,1314301545.5,9720597572.0,0.0463113682022285,0.001237105183241111,0.149796,8e-05,0.0009926,0.012158,0.044186,0.073952,0.106777
routing_method=group_routing/average_payment_amount=1585/,true,nodes_ln.csv,channels_ln.csv,edges_ln.csv,,,,0.0,false,-1,100,1,group_routing,10,0.1,true,0,,1,5000,1585,158,,,0,2,1585,4984674,0.9282,0.0686,0.0,0.0032,0.007739630879142687,0.007739630879142687,596.1464,45403.04736704,1606,0,0.0,600.0,602.0,801.0,805.0,640.6190476190476,20555.10158935369,1606,200,401.0,601.0,603.0,802.0,805.0,21.22284122562674,10521.298531203198,603,0,0.0,0.0,0.0,0.0,0.0,0.00495582848524025,0.00493126824926513,1,0,0.0,0.0,0.0,0.0,0.0,1793.7416505063563,321021027.35600924,601023,0,1.0,4.0,1002.0,1405.0,2894.0,0.0011553611242496515,0.00013607456499554105,0.44174970292481014,0.0,6.6629087861113e-07,2.6073273721138516e-06,0.0006113286963552962,0.0008797348098367049,0.001810419303150502,3.1840120663650073,0.4875789044008366,6,1,2.0,3.0,3.0,4.0,4.0,0.9872935614144531,830421891.885464,1.8192367434116628e+18,38911712983,90746985,143912718.8,176703000.0,514604048.0,939892018.0,2301001755.9999995,-8.312115843598852e+17,5.385722129089196e+36,4922696,-7310575239085056243,-7.310575239084413e+18,0.0,0.0,346360.0,1548950.4999999946,1298500263.9027786,9.569986768225219e+18,45346707225,5485,2548900.2,31724526.0,144384461.0,901720125.0,8623758671.0,0.04529092667110077,0.001206846840775634,0.152828,8e-05,0.0007623,0.010107999999999999,0.044636999999999996,0.0719445,0.10468765
routing_method=group_routing/average_payment_amount=398/,true,nodes_ln.csv,channels_ln.csv,edges_ln.csv,,,,0.0,false,-1,100,1,group_routing,10,0.1,true,0,,1,5000,398,39,,,0,2,398,4984669,0.9774,0.0208,0.0,0.0018,0.0053709966182613885,0.0053709966182613885,625.6722,28177.64674716,1404,0,400.0,601.0,603.0,802.0,805.0,639.2353181911193,20246.20245223659,1404,200,401.0,601.0,603.0,802.0,805.0,39.097345132743364,19169.22061242071,605,0,0.0,0.0,0.0,0.0,401.79999999999995,0.003683241252302026,0.0036696749861793677,1,0,0.0,0.0,0.0,0.0,0.0,1572.8682218129732,305942905.5238663,601010,0,0.0,2.0,1000.0,1052.0,2098.7,0.004023077442557098,0.002049387467475563,1.754245266469412,0.0,0.0,5.054359646169449e-06,0.0023058557703764834,0.0029010846184637645,0.005702336915382468,3.1784325762226313,0.48627108523303986,6,1,2.0,3.0,3.0,4.0,4.0,0.9866368979216601,214413185.50862694,1.4197950212347784e+17,13086269136,23082843,36286460.0,44544650.0,129812789.0,239586150.0,596519418.3000004,-7.476112933191488e+17,4.9065459635021685e+36,4876955,-7310575239085056243,-7.310575239084337e+18,0.0,0.0,301755.0,1462137.999999998,1184947173.9473562,8.795786359516527e+18,45346707225,421,2324046.6500000004,22584670.25,98688628.0,660059373.0,8222074271.1497135,0.0414767622296173,0.0012311757443918847,0.149,8e-05,0.00055345,0.0057817499999999996,0.037623000000000004,0.069322,0.10312835000000002
routing_method=group_routing/average_payment_amount=1000/,true,nodes_ln.csv,channels_ln.csv,edges_ln.csv,,,,0.0,false,-1,100,1,group_routing,10,0.1,true,0,,1,5000,1000,100,,,0,2,1000,4984669,0.9514,0.0466,0.0,0.002,0.006161796859471278,0.006161796859471278,609.8106,38040.71352764,1409,0,400.0,601.0,602.0,801.0,805.0,639.9075047298718,20801.248959865705,1409,200,401.0,601.0,603.0,802.0,805.0,20.62962962962963,10656.002743484229,603,0,0.0,0.0,0.0,0.0,0.0,0.004414546983392895,0.004395058758324312,1,0,0.0,0.0,0.0,0.0,0.0,1689.7225141896154,312687498.69996184,601017,0,0.0,4.0,1001.0,1110.0,2411.2,0.0017236909013020345,0.0003330103660020444,0.7005424515634888,0.0,0.0,3.5919895042066685e-06,0.0009621725539580408,0.0012126115318984716,0.0025644238417130184,3.180575993273071,0.4935642677692731,7,1,2.0,3.0,3.0,4.0,4.0,0.9863085661752635,531280054.26828504,7.981762604716448e+17,25603136267,56549700,90950760.0,111509800.0,325710900.0,597705600.0,1486491834.7999992,-7.978350264838456e+17,5.196092260004298e+36,4922692,-7310575239085056243,-7.310575239084381e+18,0.0,0.0,326173.25,1525721.5499999986,1240344126.5125163,9.194181736136414e+18,45346707225,351,2412213.0,27816351.0,121257124.5,798383365.0,8416639085.0,0.0440464740346205,0.0012187845898159037,0.147661,7.5e-05,0.000705,0.008277,0.043317,0.07160375,0.10359319999999998
routing_method=cloth_original/average_payment_amount=15849/,true,nodes_ln.csv,channels_ln.csv,edges_ln.csv,,,,0.0,false,-1,100,1,cloth_original,,,,0,,1,5000,15849,1584,,,0,2,15849,4992097,0.666,0.1542,0.0,0.1798,0.5000499950005,0.5000499950005,777.1572,1194226.65128816,45967,0,0.0,401.0,602.0,804.0,2012.0500000000002,924.4603603603604,652998.9156959662,16266,200,401.0,601.0,604.0,1003.0,2208.0,483.43293413173654,2143900.7808315107,45967,0,0.0,0.0,200.0,602.0,1608.55,0.9321321321321321,6.211009568126686,29,0,0.0,0.0,0.0,1.0,4.0,4142.1549549549545,413568048.2450581,601184,0,15.0,38.0,1034.0,2061.0,16986.649999999983,0.000266169831104149,1.797606386400485e-06,0.04419871758985622,0.0,1.0027954266359975e-06,2.121138950901695e-06,6.819059388071005e-05,0.0001447232449040393,0.0010651151969520438,3.257957957957958,0.5938180522865207,7,1,2.0,3.0,3.0,4.0,4.0,0.0,10428469842.604597,4.6785830683917235e+20,720743819882,1091108600,1473663225.0,2985547537.25,5367412931.0,10173209421.75,32231191431.549976,,,,,,,,,,,,,,,,,,,,,,,,,,,
routing_method=cloth_original/average_payment_amount=3981/,true,nodes_ln.csv,channels_ln.csv,edges_ln.csv,,,,0.0,false,-1,100,1,cloth_original,,,,0,,1,5000,3981,398,,,0,2,3981,4986480,0.8334,0.0706,0.0,0.096,0.23371647509578544,0.23371647509578544,655.3472,531200.7930521602,45964,0,0.0,600.0,602.0,802.0,1204.0,710.9604031677466,86375.47839369395,4013,200,401.0,601.0,603.0,803.0,1205.6999999999998,377.14765906362544,2663528.8221343765,45964,0,0.0,0.0,203.0,602.0,1005.0,0.20206383489320853,0.3613780300023802,9,0,0.0,0.0,0.0,0.0,1.0,2243.950323974082,361663270.39038086,601050,0,4.0,10.0,1007.0,1916.5,4941.899999999997,0.0005744286086257331,2.4295607544090046e-05,0.17596569418567243,0.0,9.553351424863646e-07,2.385311340774325e-06,0.000251831719392943,0.0004540752125554258,0.0012483426633160203,3.2042236621070312,0.5090486353604311,6,1,2.0,3.0,3.0,4.0,4.0,0.0,2237148986.617181,1.727022818076891e+19,151207937666,227419579,365520590.0,612071195.5,1320499200.0,2444498606.0,6358970509.700002,,,,,,,,,,,,,,,,,,,,,,,,,,,
routing_method=cloth_original/average_payment_amount=100000/,true,nodes_ln.csv,channels_ln.csv,edges_ln.csv,,,,0.0,false,-1,100,1,cloth_original,,,,0,,1,5000,100000,10000,,,0,2,100000,4988437,0.3042,0.5598,0.0,0.136,0.6750714842734599,0.6750714842734599,817.419,5347539.081439,47170,0,0.0,0.0,0.0,605.0,3611.05,1749.543063773833,8596521.426317766,47170,200,401.0,602.0,804.0,1606.0,6222.0,409.8993963782696,3381170.500945309,30905,0,0.0,0.0,0.0,0.0,1605.0,3.6180144641683105,85.12627639952781,111,0,0.0,0.0,1.0,3.0,17.0,16498.54963839579,4679473001.28501,1988244,0,99.0,248.0,1299.0,7750.0,98855.0,0.00016764013575671957,4.90958743330615e-07,0.02012303951208306,0.0,1.0035647303470607e-06,2.115263062638664e-06,1.3933401708348792e-05,7.895576269263006e-05,0.0010010063485017652,3.430637738330046,0.8250705334607624,7,1,2.0,3.0,3.0,4.0,5.0,0.0,83559981994.3673,4.445866650460981e+22,4850297386864,6928371900,9180669705.0,18563974074.75,31578618450.0,63613930521.5,283786460287.55,,,,,,,,,,,,,,,,,,,,,,,,,,,
routing_method=cloth_original/average_payment_amount=158/,true,nodes_ln.csv,channels_ln.csv,edges_ln.csv,,,,0.0,false,-1,100,1,cloth_original,,,,0,,1,5000,158,15,,,0,2,158,4984672,0.9868,0.0082,0.0,0.005,0.011662383870330105,0.011662383870330105,633.53,24413.4371,1407,0,401.0,601.0,603.0,802.0,805.0,639.8486015403324,20895.670025405478,1407,200,401.0,601.0,603.0,802.0,805.0,161.16666666666666,61281.38131313133,604,0,0.0,0.0,0.0,401.0,603.0,0.006890960680989056,0.006843475341882119,1,0,0.0,0.0,0.0,0.0,0.0,1619.1917308471827,329538968.6105842,601007,0,0.0,2.0,1000.0,1028.0,2043.0,0.010429938928053361,0.013959807335802345,4.396513570549271,0.0,0.0,1.2484963213122931e-05,0.00579055027650508,0.007134637204579443,0.01406177978937895,3.175719497365221,0.485336683377453,6,1,2.0,3.0,3.0,4.0,4.0,0.0,85927282.72921786,2.3215220691057056e+16,5324908911,9282400,14469025.0,17643243.25,51353309.0,95514581.25,238625304.74999997,,,,,,,,,,,,,,,,,,,,,,,,,,,
routing_method=cloth_original/average_payment_amount=631/,true,nodes_ln.csv,channels_ln.csv,edges_ln.csv,,,,0.0,false,-1,100,1,cloth_original,,,,0,,1,5000,631,63,,,0,2,631,4984672,0.9656,0.0164,0.0,0.018,0.0487062404870624,0.0487062404870624,635.4554,34818.07761084,2010,0,400.0,601.0,603.0,802.0,806.0,649.8647473073737,27336.587133386853,2010,200,401.0,601.0,603.0,802.0,806.0,230.98837209302326,75400.0928880476,804,0,0.0,0.0,0.0,600.0,604.0,0.03396851698425849,0.036957158909399664,2,0,0.0,0.0,0.0,0.0,0.0,1613.8285004142501,309189348.2605631,601012,0,0.0,2.0,1000.0,1088.25,2212.2999999999993,0.0026023236389528153,0.0008247837858984473,1.1099144628771846,0.0,0.0,3.2543728505652447e-06,0.0014672938920073286,0.0018746641712356889,0.0037055761041995153,3.183098591549296,0.49381541944292107,6,1,2.0,3.0,3.0,4.0,4.0,0.0,340622862.5109651,3.596914677916105e+17,18908936779,36083563,57651436.3,71422300.0,207097800.0,382255254.5,949145745.9999996,,,,,,,,,,,,,,,,,,,,,,,,,,,
routing_method=cloth_original/average_payment_amount=63/,true,nodes_ln.csv,channels_ln.csv,edges_ln.csv,,,,0.0,false,-1,100,1,cloth_original,,,,0,,1,5000,63,6,,,0,2,63,4984670,0.9906,0.007,0.0,0.0024,0.004578936890304599,0.004578936890304599,632.7422,22483.660939159996,1406,0,401.0,601.0,603.0,802.0,805.0,637.4082374318594,19796.19473933228,1406,200,401.0,601.0,603.0,802.0,805.0,141.0212765957447,61612.999547306485,606,0,0.0,0.0,0.0,101.0,603.0,0.002220876236624268,0.002215943945365866,1,0,0.0,0.0,0.0,0.0,0.0,1794.040177670099,350553831.91944367,601006,0,0.0,2.0,1000.0,1018.0,2031.3999999999978,0.028918028275297485,0.0929544068816224,11.031863646392587,0.0,0.0,3.0454843081421025e-05,0.014481420337706722,0.01758824873051851,0.0350108315607734,3.172016959418534,0.48323067849291534,6,1,2.0,3.0,3.0,4.0,4.0,0.0,34718636.39714784,3971769368914462.5,2631484162,3766758,5757280.0,7035850.0,20638366.0,38546175.5,96072814.99999999,,,,,,,,,,,,,,,,,,,,,,,,,,,
routing_method=cloth_original/average_payment_amount=10/,true,nodes_ln.csv,channels_ln.csv,edges_ln.csv,,,,0.0,false,-1,100,1,cloth_original,,,,0,,1,5000,10,1,,,0,2,10,4984668,0.9934,0.0066,0.0,0.0,0.00039984006397441024,0.00039984006397441024,632.8064,22185.943719040002,1403,0,401.0,601.0,603.0,802.0,805.0,637.0106704248037,19655.17866608969,1403,200,401.0,601.0,603.0,802.0,805.0,0.0,0.0,0,0,0.0,0.0,0.0,0.0,0.0,0.0004026575397624321,0.00040249540666810447,1,0,0.0,0.0,0.0,0.0,0.0,1674.7827662572981,322444153.93207264,601006,0,0.0,2.0,1000.0,1009.0,2008.6999999999998,0.1703936886056761,3.4203036950526027,70.06083605791686,0.0,0.0,0.00018589952492247634,0.09043226623259179,0.11014430104481679,0.2202947100877488,3.1727400845580833,0.48475719900325454,6,1,2.0,3.0,3.0,4.0,4.0,0.0,6161199.115151515,218069460246882.44,493673864,571054,909640.0,1118035.0,3445216.0,6590609.0,16608195.899999991,,,,,,,,,,,,,,,,,,,,,,,,,,,
routing_method=cloth_original/average_payment_amount=16/,true,nodes_ln.csv,channels_ln.csv,edges_ln.csv,,,,0.0,false,-1,100,1,cloth_original,,,,0,,1,5000,16,1,,,0,2,16,4984673,0.9928,0.0066,0.0,0.0006,0.000999000999000999,0.000999000999000999,632.6148,22194.67602096,1407,0,401.0,601.0,603.0,802.0,805.0,636.91982272361,19638.537890701853,1407,200,401.0,601.0,603.0,802.0,805.0,39.0,19723.666666666668,602,0,0.0,0.0,0.0,0.0,300.5,0.00040290088638195,0.00040273855725770263,1,0,0.0,0.0,0.0,0.0,0.0,1687.3297743755036,325115734.9684043,601006,0,0.0,2.0,1000.0,1011.0,2010.0,0.1063338356396409,1.3104157979844693,41.197541884097774,0.0,0.0,0.00012021759677622204,0.05866134803777791,0.06681984416037906,0.13295321848006866,3.1722401289282836,0.48423341856694546,6,1,2.0,3.0,3.0,4.0,4.0,0.0,9419124.750437198,382893909695950.94,767406998,1165400,1512700.0,1722500.0,5259934.0,10317500.0,25473214.0,,,,,,,,,,,,,,,,,,,,,,,,,,,
routing_method=cloth_original/average_payment_amount=40/,true,nodes_ln.csv,channels_ln.csv,edges_ln.csv,,,,0.0,false,-1,100,1,cloth_original,,,,0,,1,5000,40,4,,,0,2,40,4984670,0.9916,0.0068,0.0,0.0016,0.0029910269192422734,0.0029910269192422734,632.4854,22430.624986839997,1408,0,401.0,601.0,603.0,802.0,805.0,637.114764017749,19725.678035351735,1408,200,401.0,601.0,603.0,802.0,805.0,86.0,40567.0,606,0,0.0,0.0,0.0,0.0,601.95,0.0014118596208148447,0.0014098662732259573,1,0,0.0,0.0,0.0,0.0,0.0,1736.697660346914,336858000.0870902,601006,0,0.0,2.0,1000.0,1014.0,2021.0,0.04414031688857378,0.22279109447945278,17.513675238623428,0.0,0.0,4.7462816095810505e-05,0.022686149144585742,0.027716561579330563,0.055185049287881205,3.172246873739411,0.4842479164636029,6,1,2.0,3.0,3.0,4.0,4.0,0.0,22349174.61597779,1740684265176053.8,1858293686,2261900,3637975.0,4486956.75,13227082.0,24695915.0,61715875.75,,,,,,,,,,,,,,,,,,,,,,,,,,,
routing_method=cloth_original/average_payment_amount=6310/,true,nodes_ln.csv,channels_ln.csv,edges_ln.csv,,,,0.0,false,-1,100,1,cloth_original,,,,0,,1,5000,6310,631,,,0,2,6310,4985873,0.7778,0.0952,0.0,0.127,0.30719135374809475,0.30719135374809475,673.4508,684576.04637936,45950,0,0.0,404.0,602.0,802.0,1403.0,749.9228593468758,201020.51089169557,16453,200,401.0,601.0,603.0,803.0,1404.0,405.76417641764175,2285111.3665294517,45950,0,0.0,0.0,400.0,602.0,1203.0,0.3211622525070712,0.8845123030647124,28,0,0.0,0.0,0.0,0.0,2.0,2477.91283106197,303583166.53881454,601076,0,6.0,14.0,1011.0,2010.0,7260.599999999996,0.0004011151287903687,8.40566722072162e-06,0.11102274699569203,0.0,9.792740957923888e-07,2.2623352211982105e-06,0.00016154326281669576,0.00030055433365511886,0.0011535486645030413,3.21599382874775,0.534472919478501,6,1,2.0,3.0,3.0,4.0,4.0,0.0,3661931913.306855,5.047652080362752e+19,239556342600,360397088,581840443.15,1132061492.5,2098193492.5,3908953574.5,10579137337.000006,,,,,,,,,,,,,,,,,,,,,,,,,,,
routing_method=cloth_original/average_payment_amount=2512/,true,nodes_ln.csv,channels_ln.csv,edges_ln.csv,,,,0.0,false,-1,100,1,cloth_original,,,,0,,1,5000,2512,251,,,0,2,2512,4986078,0.8856,0.0468,0.0,0.0676,0.1746450973918785,0.1746450973918785,651.6518,495628.26295676,45974,0,0.0,600.0,603.0,802.0,1006.0,687.2822944896116,64456.31371542186,4813,200,401.0,601.0,603.0,803.0,1007.0,375.8269230769231,3747534.7445199024,45974,0,0.0,0.0,202.0,601.0,803.0,0.13392050587172538,0.21490179313867813,9,0,0.0,0.0,0.0,0.0,1.0,1979.603206865402,337687760.7117964,601033,0,2.0,6.0,1004.0,1611.0,3577.2999999999993,0.0008038199324024852,5.6984424274574534e-05,0.2788424046982695,0.0,8.426714986988064e-07,2.5140339529124488e-06,0.0003902291568086253,0.0006419648293980514,0.0014180176298960252,3.194896115627823,0.501536732658805,6,1,2.0,3.0,3.0,4.0,4.0,0.0,1397995234.6052034,7.018020357065783e+18,95460550488,142139800,230519782.8,297862353.0,828115152.0,1540085275.5,3877530572.6999984,,,,,,,,,,,,,,,,,,,,,,,,,,,
routing_method=cloth_original/average_payment_amount=63096/,true,nodes_ln.csv,channels_ln.csv,edges_ln.csv,,,,0.0,false,-1,100,1,cloth_original,,,,0,,1,5000,63096,6309,,,0,2,63096,4991894,0.4206,0.3542,0.0,0.2252,0.7195108268820823,0.7195108268820823,1028.7078,5405613.9208191605,37534,0,0.0,0.0,600.0,1001.0,4413.05,1490.3048026628626,5251813.849558485,37534,200,401.0,602.0,802.0,1405.5,4820.9,693.6237487055574,5250305.871551981,33119,0,0.0,0.0,0.0,403.0,3052.399999999965,2.9101283880171183,62.571571215090465,79,0,0.0,0.0,0.0,2.0,14.899999999999864,11639.92819781265,2524790555.4836698,1805141,0,62.0,172.5,1191.0,4267.5,64504.399999999994,0.00018213965204072653,5.046079920523387e-07,0.022884396034845815,0.0,1.0046603059326254e-06,2.9966893412247007e-06,1.9901330621886847e-05,7.009409455012557e-05,0.0010145601769766704,3.3870660960532573,0.7565041359071083,7,1,2.0,3.0,3.0,4.0,5.0,0.0,58481690573.48266,2.29746036653804e+22,4262218877458,4371746700,5908268328.5,12145059828.0,21359926210.0,44069568268.0,211063445122.09988,,,,,,,,,,,,,,,,,,,,,,,,,,,
routing_method=cloth_original/average_payment_amount=10000/,true,nodes_ln.csv,channels_ln.csv,edges_ln.csv,,,,0.0,false,-1,100,1,cloth_original,,,,0,,1,5000,10000,1000,,,0,2,10000,4986473,0.712,0.134,0.0,0.154,0.39961575408261285,0.39961575408261285,705.8638,843580.7316495599,45982,0,0.0,402.0,602.0,803.0,1608.0,819.0162921348315,345719.3261390608,16256,200,401.0,601.0,603.0,804.25,1622.3999999999487,426.12569444444443,1964498.2904509064,45982,0,0.0,0.0,200.0,602.0,1404.05,0.551123595505618,2.2552515465219036,28,0,0.0,0.0,0.0,1.0,3.0,3067.2831460674156,344555786.8108396,601118,0,10.0,24.0,1019.0,2020.0,11058.149999999989,0.00031350874198284387,3.7943900520477684e-06,0.07005604782723016,0.0,1.0007742448193974e-06,2.166654857671688e-06,0.00010439592882638461,0.0002043055223860266,0.0010996372585514438,3.231741573033708,0.5712958433278627,7,1,2.0,3.0,3.0,4.0,4.0,0.0,6120808240.89174,1.4234466388741243e+20,379883040166,565497300,925528246.0,1852300626.0,3320092199.0,6327826521.0,18423830938.0,,,,,,,,,,,,,,,,,,,,,,,,,,,
routing_method=cloth_original/average_payment_amount=251/,true,nodes_ln.csv,channels_ln.csv,edges_ln.csv,,,,0.0,false,-1,100,1,cloth_original,,,,0,,1,5000,251,25,,,0,2,251,4984668,0.9828,0.0098,0.0,0.0074,0.019800039207998433,0.019800039207998433,633.9988,26436.96959856,1414,0,401.0,601.0,603.0,802.0,805.0,641.8280423280423,22225.323503412128,1414,200,401.0,601.0,603.0,802.0,805.0,186.63953488372093,63455.67239048135,606,0,0.0,0.0,0.0,401.0,603.0,0.01282051282051282,0.012656147271531887,1,0,0.0,0.0,0.0,0.0,0.0,1536.9025234025235,303996207.70987165,601008,0,0.0,2.0,1000.0,1043.0,2054.0499999999984,0.006236082005130445,0.005126751684599832,2.7891455931573077,0.0,0.0,7.96633451797622e-06,0.003641697005052998,0.004563678460487398,0.008927207744913275,3.176841676841677,0.48785604046084313,6,1,2.0,3.0,3.0,4.0,4.0,0.0,136147265.08086282,6.022524147427284e+16,8325647626,14379774,22870185.0,28263780.5,82029930.0,152333158.0,379299369.14999986,,,,,,,,,,,,,,,,,,,,,,,,,,,
routing_method=cloth_original/average_payment_amount=25/,true,nodes_ln.csv,channels_ln.csv,edges_ln.csv,,,,0.0,false,-1,100,1,cloth_original,,,,0,,1,5000,25,2,,,0,2,25,4984673,0.9922,0.0066,0.0,0.0012,0.0017967658215212617,0.0017967658215212617,632.54,22167.732,1407,0,401.0,601.0,603.0,802.0,805.0,636.8655513001411,19623.17180461947,1407,200,401.0,601.0,603.0,802.0,805.0,82.3076923076923,40713.18737672585,603,0,0.0,0.0,0.0,0.0,602.0,0.0006047167909695626,0.0006043511085722821,1,0,0.0,0.0,0.0,0.0,0.0,1705.4819592824028,329306585.66914636,601006,0,0.0,2.0,1000.0,1012.0,2013.0,0.06903417026470934,0.5498402723355555,27.113787337882417,0.0,0.0,7.65579543714592e-05,0.036922745703110986,0.04347070074769605,0.08654172320217096,3.1719411408990124,0.4838407995995046,6,1,2.0,3.0,3.0,4.0,4.0,0.0,14269528.464315096,778231340469986.4,1186342843,1630900,2320407.9,2745875.0,8212152.0,15658952.75,38972291.15000001,,,,,,,,,,,,,,,,,,,,,,,,,,,
routing_method=cloth_original/average_payment_amount=39811/,true,nodes_ln.csv,channels_ln.csv,edges_ln.csv,,,,0.0,false,-1,100,1,cloth_original,,,,0,,1,5000,39811,3981,,,0,2,39811,4990691,0.5226,0.2694,0.0,0.208,0.6613842611404578,0.6613842611404578,942.655,3350493.244775,40551,0,0.0,0.0,602.0,1001.0,3213.0,1319.0443934175278,4236661.480616289,40551,200,401.0,602.0,801.0,1205.0,3894.400000000018,530.629241726016,2055575.6803011845,17866,0,0.0,0.0,0.0,601.0,2009.6999999999998,2.3222349789513967,45.696394239465334,69,0,0.0,0.0,0.0,2.0,11.0,38335.3539992346,1222573465624.475,43499055,0,39.0,110.0,1110.0,4025.0,42380.00000000001,0.0009670802513579487,0.0007689226821314449,1.0028361993263026,0.0,1.005135115262099e-06,2.984628100832926e-06,2.969567906836269e-05,0.00010124227871064606,0.0010267206987180065,3.352851128970532,0.6944780937960848,7,1,2.0,3.0,3.0,4.0,5.0,0.0,32605888633.133915,6.2304847824922e+21,2589506719832,2740075200,3719166723.2,7631403783.0,13568610850.0,27092950398.0,109642589982.59982,,,,,,,,,,,,,,,,,,,,,,,,,,,
routing_method=cloth_original/average_payment_amount=100/,true,nodes_ln.csv,channels_ln.csv,edges_ln.csv,,,,0.0,false,-1,100,1,cloth_original,,,,0,,1,5000,100,10,,,0,2,100,4984669,0.9886,0.0076,0.0,0.0038,0.0065567256109676135,0.0065567256109676135,632.411,23172.676079,1407,0,401.0,601.0,603.0,802.0,805.0,638.0384381954278,19948.434290257508,1407,200,401.0,601.0,603.0,802.0,805.0,144.40350877192984,61879.11788242535,606,0,0.0,0.0,0.0,200.0,603.0,0.0028322880841594174,0.002824266228367745,1,0,0.0,0.0,0.0,0.0,0.0,1583.0511834918066,318371917.6091545,601007,0,0.0,2.0,1000.0,1021.0,2036.4999999999982,0.01613596409974962,0.033821079372767945,7.005429198580235,0.0,0.0,1.943899428282223e-05,0.009087690310397734,0.01118371893584732,0.022167118759909607,3.173781104592353,0.48426502754504736,6,1,2.0,3.0,3.0,4.0,4.0,0.0,54531934.94466646,9453612928386942.0,3777407449,5711449,9111110.0,11222101.0,32769147.0,60950954.5,151842302.50000006,,,,,,,,,,,,,,,,,,,,,,,,,,,
routing_method=cloth_original/average_payment_amount=25119/,true,nodes_ln.csv,channels_ln.csv,edges_ln.csv,,,,0.0,false,-1,100,1,cloth_original,,,,0,,1,5000,25119,2511,,,0,2,25119,4992501,0.599,0.208,0.0,0.193,0.5690769628544342,0.5690769628544342,826.6288,1342674.9850105601,22875,0,0.0,400.0,602.0,1001.0,2609.0,1067.0844741235392,1279254.5948674614,22875,200,401.0,601.0,801.0,1006.0,2813.2999999999997,467.44438902743144,1222028.810498442,17868,0,0.0,0.0,0.0,602.0,2002.8,1.4200333889816361,12.881334890370987,56,0,0.0,0.0,0.0,1.0,7.299999999999727,6039.7749582637725,579547314.2972695,601288,0,24.0,65.5,1060.0,2995.5,27121.399999999994,0.00024481389426145035,9.963134235166365e-07,0.02788919727947816,0.0,1.0050750076288002e-06,2.247770304787102e-06,4.4629310129119755e-05,0.0001162349932951211,0.001041543881695154,3.3101836393989985,0.6413487141897597,7,1,2.0,3.0,3.0,4.0,5.0,0.0,17622346507.025173,1.382728469043151e+21,1482130537908,1740689000,2336034080.0,4758228553.5,8453338481.0,16470376537.5,56700070854.49993,,,,,,,,,,,,,,,,,,,,,,,,,,,
routing_method=cloth_original/average_payment_amount=1585/,true,nodes_ln.csv,channels_ln.csv,edges_ln.csv,,,,0.0,false,-1,100,1,cloth_original,,,,0,,1,5000,1585,158,,,0,2,1585,4986077,0.9204,0.036,0.0,0.0436,0.1103202846975089,0.1103202846975089,635.2162,57660.683857560005,3011,0,400.0,601.0,603.0,802.0,1003.0,667.473924380704,41884.72693848884,3011,200,401.0,601.0,603.0,802.0,1003.0,262.22613065326635,88921.73780965125,1604,0,0.0,0.0,0.0,601.0,604.3,0.08300738809213386,0.10740790476940568,5,0,0.0,0.0,0.0,0.0,1.0,1794.4693611473272,323313916.18343765,601023,0,1.0,4.0,1002.0,1433.75,2893.399999999998,0.0011537643904225062,0.00013697593266547315,0.44174970292481014,0.0,6.605358633992164e-07,2.6532395990081434e-06,0.0006125956888545934,0.0008944729659050003,0.0018006076523419245,3.1879617557583657,0.49987246442177613,6,1,2.0,3.0,3.0,4.0,4.0,0.0,855518873.4577844,2.115596886349884e+18,43857156108,89848500,145142270.0,182498900.0,517425846.0,960713023.75,2402870730.1499977,,,,,,,,,,,,,,,,,,,,,,,,,,,
routing_method=cloth_original/average_payment_amount=398/,true,nodes_ln.csv,channels_ln.csv,edges_ln.csv,,,,0.0,false,-1,100,1,cloth_original,,,,0,,1,5000,398,39,,,0,2,398,4984669,0.9764,0.0124,0.0,0.0112,0.031007751937984496,0.031007751937984496,634.3354,29867.734906840004,1610,0,400.0,601.0,603.0,802.0,805.0,645.0639082343301,24098.840241833448,1610,200,401.0,601.0,603.0,802.0,805.0,190.46610169491527,66761.52003734557,802,0,0.0,0.0,0.0,402.0,603.15,0.021097910692339204,0.021881793363107138,2,0,0.0,0.0,0.0,0.0,0.0,1572.1241294551414,306096264.7703354,601010,0,0.0,2.0,1000.0,1052.75,2098.95,0.004020500331681255,0.0020503519365550047,1.754245266469412,0.0,0.0,5.121163567649368e-06,0.002309765168821894,0.00290502722141527,0.005708087191177617,3.1808684965178204,0.48981833625046384,6,1,2.0,3.0,3.0,4.0,4.0,0.0,215332848.68569973,1.4386988828683267e+17,12443711574,22854300,36409036.0,44780370.0,130185254.0,240972864.0,597977163.5999999,,,,,,,,,,,,,,,,,,,,,,,,,,,
routing_method=cloth_original/average_payment_amount=1000/,true,nodes_ln.csv,channels_ln.csv,edges_ln.csv,,,,0.0,false,-1,100,1,cloth_original,,,,0,,1,5000,1000,100,,,0,2,1000,4986078,0.947,0.0256,0.0,0.0274,0.06976744186046512,0.06976744186046512,634.0084,44104.61912944,2210,0,400.0,601.0,603.0,802.0,806.0,655.5875395987329,32887.47908444273,2210,200,401.0,601.0,603.0,802.0,806.3000000000002,248.43396226415095,87543.61922392312,1606,0,0.0,0.0,0.0,600.0,604.0,0.048785638859556495,0.05781003535869958,3,0,0.0,0.0,0.0,0.0,0.0,1688.8859556494192,313942688.65309733,601017,0,0.0,4.0,1001.0,1110.0,2408.3,0.001722681131420926,0.00033433943343344697,0.7005424515634888,0.0,0.0,3.6741405105326947e-06,0.0009633466334836578,0.00121276332604918,0.0025620284588189,3.181626187961985,0.4966845783215824,6,1,2.0,3.0,3.0,4.0,4.0,0.0,539927504.6285051,8.829121756136937e+17,28632641210,57115197,91395958.25,113976700.0,327501111.0,604286019.0,1505684410.3500009,,,,,,,,,,,,,,,,,,,,,,,,,,,
routing_method=ideal/average_payment_amount=15849/,true,nodes_ln.csv,channels_ln.csv,edges_ln.csv,,,,0.0,false,-1,100,1,ideal,,,,0,,1,5000,15849,1584,,,0,2,15849,4984670,0.6984,0.3016,0.0,0.0,0.0,0.0,451.2592,101629.02241536,1208,0,0.0,0.0,601.0,606.0,804.0,646.1328751431844,19602.63984706001,1208,200,401.0,601.0,603.0,802.0,805.0,0.0,0.0,0,0,0.0,0.0,0.0,0.0,0.0,0.0,0.0,0,0,0.0,0.0,0.0,0.0,0.0,4109.1345933562425,496187904.15256053,601184,0,15.0,37.0,1033.0,2049.0,16866.5,0.0002642861713782044,2.102227525586194e-06,0.04419871758985622,0.0,1.0046565492187182e-06,2.1123277805338714e-06,6.766998082175218e-05,0.0001397089324184944,0.001058345207843726,3.218785796105384,0.48649703659091836,6,1,2.0,3.0,3.0,4.0,4.0,0.0,7553703737.207145,9.154329503603022e+19,216263201676,1092623000,1438565735.0,1757128975.25,5167729253.5,9095624604.75,20687841883.4,,,,,,,,,,,,,,,,,,,,,,,,,,,
routing_method=ideal/average_payment_amount=3981/,true,nodes_ln.csv,channels_ln.csv,edges_ln.csv,,,,0.0,false,-1,100,1,ideal,,,,0,,1,5000,3981,398,,,0,2,3981,4984671,0.8524,0.1476,0.0,0.0,0.0,0.0,547.7892,68630.32436336,1205,0,0.0,403.0,602.0,801.0,805.0,642.6433599249178,19556.827758584204,1205,200,401.0,601.0,603.0,802.0,805.0,0.0,0.0,0,0,0.0,0.0,0.0,0.0,0.0,0.0,0.0,0,0,0.0,0.0,0.0,0.0,0.0,2223.3411543876114,353810647.5945476,601050,0,4.0,10.0,1007.0,1875.0,4959.849999999999,0.0005689851231387591,2.376542556736807e-05,0.17596569418567243,0.0,9.74715974786261e-07,2.36079152508809e-06,0.00025078599172459806,0.000445047496373159,0.0012524659331392498,3.201548568747067,0.4851876535537938,6,1,2.0,3.0,3.0,4.0,4.0,0.0,2035722668.983106,8.893685569553212e+18,64338290783,225167900,361338170.0,442423800.0,1304165308.0,2366542716.0,5624046676.849999,,,,,,,,,,,,,,,,,,,,,,,,,,,
routing_method=ideal/average_payment_amount=100000/,true,nodes_ln.csv,channels_ln.csv,edges_ln.csv,,,,0.0,false,-1,100,1,ideal,,,,0,,1,5000,100000,10000,,,0,2,100000,4983868,0.3218,0.6782,0.0,0.0,0.0,0.0,214.919,104745.53043900004,1205,0,0.0,0.0,0.0,601.0,804.0,667.8651336233686,22991.921525168596,1205,201,401.0,601.0,603.0,803.0,807.0,0.0,0.0,0,0,0.0,0.0,0.0,0.0,0.0,0.0,0.0,0,0,0.0,0.0,0.0,0.0,0.0,13703.410192666252,3996239305.5408773,1988244,0,99.0,233.0,1268.0,5045.0,67900.79999999999,0.00014052078818091094,4.2432352345371886e-07,0.02012303951208306,0.0,1.0034649192680812e-06,2.01916230622596e-06,1.3482293050502134e-05,5.40998428590895e-05,0.0007047133574650128,3.326911124922312,0.5705685197581504,6,1,2.0,3.0,3.0,4.0,4.0,0.0,42826921633.41097,1.3898671864714497e+21,483981214431,6882630500,8822683370.7,10888585900.0,32928677733.0,57048429120.0,110244756201.5499,,,,,,,,,,,,,,,,,,,,,,,,,,,
routing_method=ideal/average_payment_amount=158/,true,nodes_ln.csv,channels_ln.csv,edges_ln.csv,,,,0.0,false,-1,100,1,ideal,,,,0,,1,5000,158,15,,,0,2,158,4984670,0.9868,0.0132,0.0,0.0,0.0,0.0,629.0724,24620.229558240004,1204,0,401.0,601.0,603.0,802.0,805.0,637.4872314552088,19585.216192862114,1204,200,401.0,601.0,603.0,802.0,805.0,0.0,0.0,0,0,0.0,0.0,0.0,0.0,0.0,0.0,0.0,0,0,0.0,0.0,0.0,0.0,0.0,1514.7701661937576,302721070.119045,601007,0,0.0,2.0,1000.0,1027.0,2042.0,0.009753866856133614,0.012834960558923681,4.396513570549271,0.0,0.0,1.2476957066970499e-05,0.00579055027650508,0.007133202671227458,0.014028924132178064,3.1759221726793676,0.48587344023394996,6,1,2.0,3.0,3.0,4.0,4.0,0.0,85873289.48310776,2.303513648606289e+16,5458014292,9282400,14432650.0,17598473.5,51412004.0,95641721.0,237898266.20000014,,,,,,,,,,,,,,,,,,,,,,,,,,,
routing_method=ideal/average_payment_amount=631/,true,nodes_ln.csv,channels_ln.csv,edges_ln.csv,,,,0.0,false,-1,100,1,ideal,,,,0,,1,5000,631,63,,,0,2,631,4984672,0.969,0.031,0.0,0.0,0.0,0.0,618.4766,31297.17825244,1203,0,400.0,601.0,603.0,802.0,805.0,638.2627450980392,19669.670283898904,1203,200,401.0,601.0,603.0,802.0,805.0,0.0,0.0,0,0,0.0,0.0,0.0,0.0,0.0,0.0,0.0,0,0,0.0,0.0,0.0,0.0,0.0,1616.9056759545924,308291891.81421965,601012,0,0.0,2.0,1000.0,1087.0,2216.2000000000007,0.002607640833637506,0.0008224106202309234,1.1099144628771846,0.0,0.0,3.2359056086333962e-06,0.0014669532115273182,0.0018739786816185178,0.003711898925560727,3.1797729618163055,0.4880119195578943,6,1,2.0,3.0,3.0,4.0,4.0,0.0,337492001.4267152,3.329395684301293e+17,17717893565,35726300,57396740.0,70543674.5,205611183.0,378259125.0,940012285.4999992,,,,,,,,,,,,,,,,,,,,,,,,,,,
routing_method=ideal/average_payment_amount=63/,true,nodes_ln.csv,channels_ln.csv,edges_ln.csv,,,,0.0,false,-1,100,1,ideal,,,,0,,1,5000,63,6,,,0,2,63,4984671,0.9906,0.0094,0.0,0.0,0.0,0.0,631.1314,23137.911734039997,1204,0,401.0,601.0,603.0,802.0,805.0,637.120331112457,19541.80219718493,1204,200,401.0,601.0,603.0,802.0,805.0,0.0,0.0,0,0,0.0,0.0,0.0,0.0,0.0,0.0,0.0,0,0,0.0,0.0,0.0,0.0,0.0,1494.3622047244094,301520871.88697845,601006,0,0.0,2.0,1000.0,1017.0,2021.0,0.024135676877346326,0.08042964615743163,11.031863646392587,0.0,0.0,3.0445570930568875e-05,0.014472637894889033,0.017561095419378607,0.03487394832067572,3.1740359378154652,0.48495477924552166,6,1,2.0,3.0,3.0,4.0,4.0,0.0,34667434.10026793,4043279117540854.5,2692198795,3766758,5752915.0,7021551.75,20629637.0,38341370.25,96065565.55,,,,,,,,,,,,,,,,,,,,,,,,,,,
routing_method=ideal/average_payment_amount=10/,true,nodes_ln.csv,channels_ln.csv,edges_ln.csv,,,,0.0,false,-1,100,1,ideal,,,,0,,1,5000,10,1,,,0,2,10,4984672,0.9934,0.0066,0.0,0.0,0.0,0.0,633.0378,22136.09677116,1207,0,401.0,601.0,603.0,802.0,805.0,637.2436078115562,19603.041520947856,1207,200,401.0,601.0,603.0,802.0,805.0,0.0,0.0,0,0,0.0,0.0,0.0,0.0,0.0,0.0,0.0,0,0,0.0,0.0,0.0,0.0,0.0,1472.5904972820615,300158889.5174293,601006,0,0.0,2.0,1000.0,1009.0,2004.0,0.1499446912379854,3.1893847949037637,70.06083605791686,0.0,0.0,0.0001858045592889851,0.09036796536796536,0.10998130961688504,0.21957667046357,3.1747533722568955,0.48647353993980563,6,1,2.0,3.0,3.0,4.0,4.0,0.0,6104725.387053617,216640674629907.22,502843856,565400,910088.8,1120300.0,3450652.0,6562475.0,16582748.799999978,,,,,,,,,,,,,,,,,,,,,,,,,,,
routing_method=ideal/average_payment_amount=16/,true,nodes_ln.csv,channels_ln.csv,edges_ln.csv,,,,0.0,false,-1,100,1,ideal,,,,0,,1,5000,16,1,,,0,2,16,4984672,0.9928,0.0072,0.0,0.0,0.0,0.0,632.5652,22345.75534896,1207,0,401.0,601.0,603.0,802.0,805.0,637.1526994359388,19584.873943156235,1207,200,401.0,601.0,603.0,802.0,805.0,0.0,0.0,0,0,0.0,0.0,0.0,0.0,0.0,0.0,0.0,0,0,0.0,0.0,0.0,0.0,0.0,1474.138195004029,300341948.4369858,601006,0,0.0,2.0,1000.0,1011.0,2006.0,0.09296581029181623,1.2125330996217372,41.197541884097774,0.0,0.0,0.00012012022529806534,0.058627155809263545,0.06677654761865258,0.1326963906581741,3.1742546333601935,0.48595280865097346,6,1,2.0,3.0,3.0,4.0,4.0,0.0,9353515.830107084,383765643083926.7,782311165,1177054,1512475.0,1724575.0,5260859.0,10290248.5,25186280.699999988,,,,,,,,,,,,,,,,,,,,,,,,,,,
routing_method=ideal/average_payment_amount=40/,true,nodes_ln.csv,channels_ln.csv,edges_ln.csv,,,,0.0,false,-1,100,1,ideal,,,,0,,1,5000,40,4,,,0,2,40,4984670,0.9916,0.0084,0.0,0.0,0.0,0.0,631.7982,22792.22867676,1206,0,401.0,601.0,603.0,802.0,805.0,637.150262202501,19575.237405134958,1206,200,401.0,601.0,603.0,802.0,805.0,0.0,0.0,0,0,0.0,0.0,0.0,0.0,0.0,0.0,0.0,0,0,0.0,0.0,0.0,0.0,0.0,1479.2347720855184,300713616.1816711,601006,0,0.0,2.0,1000.0,1013.75,2013.0,0.037653196357518376,0.19968927358231897,17.513675238623428,0.0,0.0,4.744817882025884e-05,0.022660751280854,0.02766081136635568,0.055030339519555,3.174263816054861,0.48596935516914075,6,1,2.0,3.0,3.0,4.0,4.0,0.0,22277369.850860026,1776461981163839.0,1895901904,2307138,3639080.0,4478138.0,13213200.0,24625597.0,61292839.400000036,,,,,,,,,,,,,,,,,,,,,,,,,,,
routing_method=ideal/average_payment_amount=6310/,true,nodes_ln.csv,channels_ln.csv,edges_ln.csv,,,,0.0,false,-1,100,1,ideal,,,,0,,1,5000,6310,631,,,0,2,6310,4984670,0.8036,0.1964,0.0,0.0,0.0,0.0,516.402,80905.754796,1202,0,0.0,401.0,602.0,801.0,805.0,642.6107516177202,19576.036639007,1202,200,401.0,601.0,603.0,802.0,805.0,0.0,0.0,0,0,0.0,0.0,0.0,0.0,0.0,0.0,0.0,0,0,0.0,0.0,0.0,0.0,0.0,2397.1921353907414,293320292.4732881,601076,0,6.0,14.0,1011.0,2010.0,7149.999999999985,0.00038786347226237413,8.119601060407004e-06,0.11102274699569203,0.0,9.887470537449638e-07,2.2412282303472377e-06,0.00016043761020942266,0.00029248656982831084,0.0011462904901863892,3.201343952215032,0.48584189712743636,6,1,2.0,3.0,3.0,4.0,4.0,0.0,3133617907.794508,1.946985074393925e+19,112068414266,363965376,571942300.3,700989258.5,2070122082.0,3683830154.0,8594729215.499989,,,,,,,,,,,,,,,,,,,,,,,,,,,
routing_method=ideal/average_payment_amount=2512/,true,nodes_ln.csv,channels_ln.csv,edges_ln.csv,,,,0.0,false,-1,100,1,ideal,,,,0,,1,5000,2512,251,,,0,2,2512,4984672,0.8988,0.1012,0.0,0.0,0.0,0.0,575.9866,54971.278020440004,1203,0,0.0,600.0,602.0,801.0,805.0,640.8395638629283,19600.40038396644,1203,200,401.0,601.0,603.0,802.0,805.0,0.0,0.0,0,0,0.0,0.0,0.0,0.0,0.0,0.0,0.0,0,0,0.0,0.0,0.0,0.0,0.0,1979.9597240765465,333368877.6203182,601033,0,2.0,6.0,1004.0,1570.5,3614.0,0.0008046411511125457,5.627853123893072e-05,0.2788424046982695,0.0,8.492234355750465e-07,2.4956828725698425e-06,0.0003896430419424695,0.0006229673665052995,0.0014244499621994906,3.1927013796172674,0.48667570210312555,6,1,2.0,3.0,3.0,4.0,4.0,0.0,1302067342.946743,4.055588759492306e+18,54492917937,142139800,228044149.8,279738500.0,819236400.0,1482560811.0,3623399117.5999947,,,,,,,,,,,,,,,,,,,,,,,,,,,
routing_method=ideal/average_payment_amount=63096/,true,nodes_ln.csv,channels_ln.csv,edges_ln.csv,,,,0.0,false,-1,100,1,ideal,,,,0,,1,5000,63096,6309,,,0,2,63096,4984868,0.452,0.548,0.0,0.0,0.0,0.0,300.9904,120017.34950783999,1203,0,0.0,0.0,0.0,603.0,804.0,665.9079646017699,22523.596839219987,1203,200,401.0,601.0,603.0,802.25,806.0,0.0,0.0,0,0,0.0,0.0,0.0,0.0,0.0,0.0,0.0,0,0,0.0,0.0,0.0,0.0,0.0,10567.56017699115,2365406606.8428392,1805141,0,63.0,167.75,1180.0,4489.75,62722.399999999994,0.00016634574879307513,4.776149449486866e-07,0.022884396034845815,0.0,1.0053613790334312e-06,2.993068927666134e-06,1.9844127812777555e-05,7.273755243968776e-05,0.0010009936006149013,3.317256637168142,0.5590827394470984,6,1,2.0,3.0,3.0,4.0,4.0,0.0,28324686827.376507,9.230210069344926e+20,598859093647,4386280116,5670892975.0,6877959601.0,20711379450.0,37032786490.75,70632387237.0,,,,,,,,,,,,,,,,,,,,,,,,,,,
routing_method=ideal/average_payment_amount=10000/,true,nodes_ln.csv,channels_ln.csv,edges_ln.csv,,,,0.0,false,-1,100,1,ideal,,,,0,,1,5000,10000,1000,,,0,2,10000,4984672,0.7412,0.2588,0.0,0.0,0.0,0.0,476.45,93751.6463,1205,0,0.0,0.0,602.0,606.0,804.0,642.8089584457637,19549.27219173762,1205,200,401.0,601.0,603.0,802.0,805.0,0.0,0.0,0,0,0.0,0.0,0.0,0.0,0.0,0.0,0.0,0,0,0.0,0.0,0.0,0.0,0.0,3172.6635186184567,429630206.8951452,601118,0,10.0,23.0,1019.0,2020.0,11082.25,0.0003230496198243254,4.566870382401072e-06,0.07005604782723016,0.0,9.967919796321821e-07,2.1532829717928562e-06,0.0001034185421292118,0.0002027443691932956,0.001094459280210294,3.2023745277927684,0.48521832276185206,6,1,2.0,3.0,3.0,4.0,4.0,0.0,4829350206.269175,4.022961599331126e+19,145442398915,565497300,905248455.0,1112843000.0,3264418745.0,5742357440.75,13270749266.15,,,,,,,,,,,,,,,,,,,,,,,,,,,
routing_method=ideal/average_payment_amount=251/,true,nodes_ln.csv,channels_ln.csv,edges_ln.csv,,,,0.0,false,-1,100,1,ideal,,,,0,,1,5000,251,25,,,0,2,251,4984671,0.9834,0.0166,0.0,0.0,0.0,0.0,626.9538,25881.03686556,1208,0,401.0,601.0,603.0,802.0,805.0,637.5369127516778,19570.789210969204,1208,200,401.0,601.0,603.0,802.0,805.0,0.0,0.0,0,0,0.0,0.0,0.0,0.0,0.0,0.0,0.0,0,0,0.0,0.0,0.0,0.0,0.0,1541.3581452104943,303994711.06900674,601008,0,0.0,2.0,1000.0,1042.0,2056.5999999999995,0.006255483070625516,0.005126854160442843,2.7891455931573077,0.0,0.0,7.96508108452544e-06,0.003637858465478542,0.004563462213529913,0.008929248607490642,3.1761236526337195,0.4855556064305876,6,1,2.0,3.0,3.0,4.0,4.0,0.0,135621664.5894334,5.718134505799503e+16,8539508872,14379774,22842545.0,28057257.0,81896064.0,151441500.25,378552180.0999999,,,,,,,,,,,,,,,,,,,,,,,,,,,
routing_method=ideal/average_payment_amount=25/,true,nodes_ln.csv,channels_ln.csv,edges_ln.csv,,,,0.0,false,-1,100,1,ideal,,,,0,,1,5000,25,2,,,0,2,25,4984668,0.9922,0.0078,0.0,0.0,0.0,0.0,632.1282,22551.72016476,1201,0,401.0,601.0,603.0,802.0,805.0,637.0975609756098,19563.038657627054,1201,200,401.0,601.0,603.0,802.0,805.0,0.0,0.0,0,0,0.0,0.0,0.0,0.0,0.0,0.0,0.0,0,0,0.0,0.0,0.0,0.0,0.0,1475.7520661157025,300526674.4138362,601006,0,0.0,2.0,1000.0,1012.0,2009.0,0.05979468210647095,0.5029921256217175,27.113787337882417,0.0,0.0,7.647598654022637e-05,0.03691671588895452,0.04342663273960984,0.08639308855291576,3.1739568635355777,0.4855624323259013,6,1,2.0,3.0,3.0,4.0,4.0,0.0,14206337.45095817,773064099911415.8,1209385634,1647209,2320513.0,2742525.0,8213741.0,15633714.75,38701231.0,,,,,,,,,,,,,,,,,,,,,,,,,,,
routing_method=ideal/average_payment_amount=39811/,true,nodes_ln.csv,channels_ln.csv,edges_ln.csv,,,,0.0,false,-1,100,1,ideal,,,,0,,1,5000,39811,3981,,,0,2,39811,4984671,0.5524,0.4476,0.0,0.0,0.0,0.0,364.3672,119057.64676416002,1205,0,0.0,0.0,402.0,604.0,804.0,659.6075307748009,20785.217437856583,1205,200,401.0,601.0,603.0,802.0,805.0,0.0,0.0,0,0,0.0,0.0,0.0,0.0,0.0,0.0,0.0,0,0,0.0,0.0,0.0,0.0,0.0,7206.51810282404,571511689.0375072,601453,0,39.0,107.75,1102.0,3395.0,40829.39999999998,0.00018317420754747078,3.9006733864761003e-07,0.017599605743304613,0.0,1.0052166926570002e-06,2.971097974300209e-06,2.9523506601518116e-05,8.825417632816725e-05,0.001024031416534135,3.286024619840695,0.5155831101831465,6,1,2.0,3.0,3.0,4.0,4.0,0.0,18580227309.188034,4.6816199732025216e+20,539238856208,2740075200,3604011197.6,4408330234.0,13005035700.0,23211131486.0,49705223804.99999,,,,,,,,,,,,,,,,,,,,,,,,,,,
routing_method=ideal/average_payment_amount=100/,true,nodes_ln.csv,channels_ln.csv,edges_ln.csv,,,,0.0,false,-1,100,1,ideal,,,,0,,1,5000,100,10,,,0,2,100,4984671,0.9886,0.0114,0.0,0.0,0.0,0.0,629.9198,23901.48576796,1205,0,400.0,601.0,603.0,802.0,805.0,637.1836941128869,19548.669877755514,1205,200,401.0,601.0,603.0,802.0,805.0,0.0,0.0,0,0,0.0,0.0,0.0,0.0,0.0,0.0,0.0,0,0,0.0,0.0,0.0,0.0,0.0,1502.355452154562,302145104.8631339,601007,0,0.0,2.0,1000.0,1021.0,2031.7999999999993,0.01530811032411577,0.03211333905977841,7.005429198580235,0.0,0.0,1.9368021488829123e-05,0.00909033061532448,0.01118371893584732,0.02212846358722044,3.1743880234675297,0.48506524858810224,6,1,2.0,3.0,3.0,4.0,4.0,0.0,54501140.43229596,9474240554136430.0,3779035095,5654900,9097575.0,11190925.0,32699674.0,60665337.0,151529563.35,,,,,,,,,,,,,,,,,,,,,,,,,,,
routing_method=ideal/average_payment_amount=25119/,true,nodes_ln.csv,channels_ln.csv,edges_ln.csv,,,,0.0,false,-1,100,1,ideal,,,,0,,1,5000,25119,2511,,,0,2,25119,4984670,0.6278,0.3722,0.0,0.0,0.0,0.0,409.823,112311.940871,1010,0,0.0,0.0,601.0,605.0,804.0,652.792290538388,20289.164247668374,1010,200,401.0,601.0,603.0,802.0,805.0,0.0,0.0,0,0,0.0,0.0,0.0,0.0,0.0,0.0,0.0,0,0,0.0,0.0,0.0,0.0,0.0,5033.809174896463,470641195.8855355,601288,0,24.0,62.0,1055.0,2474.0,25807.1,0.00020328224805919306,8.114542456668966e-07,0.02788919727947816,0.0,1.0040529481538634e-06,2.083429317684669e-06,4.419549807289484e-05,0.00010210730911999806,0.001005316145602799,3.2523096527556548,0.5033994122387772,5,1,2.0,3.0,3.0,4.0,4.0,0.0,11863659098.363203,2.1211777666201043e+20,314823488233,1709965100,2272963295.0,2776576600.0,8205466350.0,14509771422.0,31674378513.799995,,,,,,,,,,,,,,,,,,,,,,,,,,,
routing_method=ideal/average_payment_amount=1585/,true,nodes_ln.csv,channels_ln.csv,edges_ln.csv,,,,0.0,false,-1,100,1,ideal,,,,0,,1,5000,1585,158,,,0,2,1585,4984669,0.9302,0.0698,0.0,0.0,0.0,0.0,594.643,44883.062751,1202,0,0.0,600.0,602.0,801.0,805.0,639.2635992259729,19726.656380853354,1202,200,401.0,601.0,603.0,802.0,805.0,0.0,0.0,0,0,0.0,0.0,0.0,0.0,0.0,0.0,0.0,0,0,0.0,0.0,0.0,0.0,0.0,1795.3422919802192,320358124.08107316,601023,0,1.0,4.0,1002.0,1416.5,2908.5,0.0011561903837834767,0.00013579176482745754,0.44174970292481014,0.0,6.659223696114269e-07,2.6105606142548846e-06,0.0006114813394550562,0.0008814312274304045,0.001810158367189377,3.184691464201247,0.48943238706754,6,1,2.0,3.0,3.0,4.0,4.0,0.0,829015772.4532671,1.8081755380126618e+18,39417518497,89848500,143986655.0,176395750.0,514880368.5,938302055.5,2298482744.9,,,,,,,,,,,,,,,,,,,,,,,,,,,
routing_method=ideal/average_payment_amount=398/,true,nodes_ln.csv,channels_ln.csv,edges_ln.csv,,,,0.0,false,-1,100,1,ideal,,,,0,,1,5000,398,39,,,0,2,398,4984674,0.9778,0.0222,0.0,0.0,0.0,0.0,623.8928,27993.283308159997,1207,0,400.0,601.0,603.0,802.0,805.0,638.0576805072612,19590.832835773563,1207,200,401.0,601.0,603.0,802.0,805.0,0.0,0.0,0,0,0.0,0.0,0.0,0.0,0.0,0.0,0.0,0,0,0.0,0.0,0.0,0.0,0.0,1572.8789118429127,305817869.9252026,601010,0,0.0,2.0,1000.0,1052.0,2098.5999999999995,0.004023215152609888,0.0020485501824282163,1.754245266469412,0.0,0.0,5.054564018580577e-06,0.0023064610508628167,0.002901836186853899,0.0057018117661541915,3.1787686643485373,0.4863481667742643,6,1,2.0,3.0,3.0,4.0,4.0,0.0,214132141.146541,1.413160705037341e+17,13082593123,22854300,36288025.0,44434091.5,129661508.5,239840495.75,594371857.75,,,,,,,,,,,,,,,,,,,,,,,,,,,
routing_method=ideal/average_payment_amount=1000/,true,nodes_ln.csv,channels_ln.csv,edges_ln.csv,,,,0.0,false,-1,100,1,ideal,,,,0,,1,5000,1000,100,,,0,2,1000,4984672,0.9526,0.0474,0.0,0.0,0.0,0.0,608.2036,37339.06534704,1401,0,400.0,601.0,602.0,802.0,805.0,638.4669326055007,19874.866164578074,1401,200,401.0,601.0,603.0,802.0,805.0,0.0,0.0,0,0,0.0,0.0,0.0,0.0,0.0,0.0,0.0,0,0,0.0,0.0,0.0,0.0,0.0,1689.1253411715306,312295231.89631987,601017,0,0.0,4.0,1001.0,1110.0,2410.7999999999993,0.0017231059251070979,0.00033259278477222197,0.7005424515634888,0.0,0.0,3.597999441529153e-06,0.0009621725539580408,0.0012135095012720909,0.0025652951832646122,3.1807684232626494,0.49325181347278146,7,1,2.0,3.0,3.0,4.0,4.0,0.0,530285213.342941,7.883180822424431e+17,25619639675,56549700,90908181.0,111384820.0,325953159.0,597488880.0,1483932528.0,,,,,,,,,,,,,,,,,,,,,,,,,,,
routing_method=channel_update/average_payment_amount=15849/,true,nodes_ln.csv,channels_ln.csv,edges_ln.csv,,,,0.0,false,-1,100,1,channel_update,,,,0,,1,5000,15849,1584,,,0,2,15849,4985477,0.6946,0.1562,0.0,0.1492,0.35658216445759877,0.35658216445759877,667.8952,326141.78541695996,14053,0,0.0,402.0,602.0,803.0,1604.0,785.7800172761301,170638.23954310367,4618,200,401.0,601.0,604.0,804.0,1605.0,399.77865094957434,576324.799727584,14053,0,0.0,0.0,0.0,602.0,1405.7,0.4221134465879643,0.9896866361364942,18,0,0.0,0.0,0.0,0.0,2.0,4067.198099625684,497100806.9264922,601032,0,15.0,37.0,1033.0,2048.0,16710.799999999985,0.0002616127808357427,2.1066845743088073e-06,0.04419871758985622,0.0,1.006648928591287e-06,2.111624333584558e-06,6.782612016812976e-05,0.00014036703711787016,0.0010575189075202984,3.2162395623380364,0.48678493771498266,5,1,2.0,3.0,3.0,4.0,4.0,0.0,8620007913.648993,1.7253843940860723e+20,314632859488,1092623000,1462726175.0,2911921460.25,5046189599.5,9381912675.25,26613600437.39992,,,,,,,,,,,,,,,,,,,,,,,,,,,
routing_method=channel_update/average_payment_amount=3981/,true,nodes_ln.csv,channels_ln.csv,edges_ln.csv,,,,0.0,false,-1,100,1,channel_update,,,,0,,1,5000,3981,398,,,0,2,3981,4985270,0.8504,0.074,0.0,0.0756,0.18354016982364468,0.18354016982364468,637.6332,99868.47065776,4617,0,0.0,600.0,603.0,802.0,1202.0,696.3560677328317,67238.81536064263,3614,200,401.0,601.0,603.0,803.0,1203.0,303.8235294117647,154320.32714690157,4617,0,0.0,0.0,200.0,601.0,1002.0,0.1528692380056444,0.2433290205306517,6,0,0.0,0.0,0.0,0.0,1.0,2213.438852304798,354824787.62255436,601050,0,4.0,10.0,1007.0,1853.25,4925.5999999999985,0.0005670107999274313,2.3842440327767507e-05,0.17596569418567243,0.0,9.803031303525854e-07,2.3634481690580597e-06,0.0002504440538508058,0.000444190022758629,0.0012464318825154326,3.1973189087488243,0.4834076753433058,6,1,2.0,3.0,3.0,4.0,4.0,0.0,2138930089.018524,1.111009689270055e+19,93737169064,225167900,364607842.5,482698750.0,1294046400.0,2370101475.0,6198909472.0,,,,,,,,,,,,,,,,,,,,,,,,,,,
routing_method=channel_update/average_payment_amount=100000/,true,nodes_ln.csv,channels_ln.csv,edges_ln.csv,,,,0.0,false,-1,100,1,channel_update,,,,0,,1,5000,100000,10000,,,0,2,100000,4983868,0.32,0.5634,0.0,0.1166,0.48014140153878143,0.48014140153878143,520.017,1302581.098711,20467,0,0.0,0.0,0.0,604.0,2010.0,1169.65375,1687561.4688609373,16849,200,401.0,602.0,802.0,1205.0,3014.1,214.30558823529412,829353.03043936,20467,0,0.0,0.0,0.0,0.0,1202.0,1.685625,16.324293359374998,57,0,0.0,0.0,0.0,2.0,7.0499999999999545,13394.016875,3972840904.8290906,1988244,0,99.0,232.75,1265.5,4190.75,66323.89999999992,0.00013695017654797418,4.207904420363361e-07,0.02012303951208306,0.0,1.0033963322291284e-06,2.018672130310631e-06,1.3450904134589101e-05,4.265618801907402e-05,0.0006686169010974626,3.31625,0.5637359375,6,1,2.0,3.0,3.0,4.0,4.0,0.0,52842107119.18667,8.731014782810377e+21,1691206344324,6998306600,9054524205.0,17589184946.0,28650696769.0,52337890849.5,173422822110.7499,,,,,,,,,,,,,,,,,,,,,,,,,,,
routing_method=channel_update/average_payment_amount=158/,true,nodes_ln.csv,channels_ln.csv,edges_ln.csv,,,,0.0,false,-1,100,1,channel_update,,,,0,,1,5000,158,15,,,0,2,158,4984670,0.9868,0.0104,0.0,0.0028,0.00813330688355485,0.00813330688355485,632.4138,24835.89696956,1409,0,401.0,601.0,603.0,802.0,805.0,639.5291852452372,20771.991750572495,1409,200,401.0,601.0,603.0,802.0,805.0,100.48484848484848,41910.31037649219,604,0,0.0,0.0,0.0,0.0,603.0,0.005472233481961897,0.005442288142680793,1,0,0.0,0.0,0.0,0.0,0.0,1514.3455614106201,302721693.3631572,601007,0,0.0,2.0,1000.0,1027.0,2042.0,0.0097512566445473,0.012834984420159146,4.396513570549271,0.0,0.0,1.24739023341419e-05,0.005783737670310075,0.007129172589475586,0.014028924132178064,3.175719497365221,0.48614738463403995,6,1,2.0,3.0,3.0,4.0,4.0,0.0,85997981.79058775,2.3165331588182396e+16,5459263466,9375224,14470121.15,17621400.0,51427014.0,95631660.5,238853232.69999987,,,,,,,,,,,,,,,,,,,,,,,,,,,
routing_method=channel_update/average_payment_amount=631/,true,nodes_ln.csv,channels_ln.csv,edges_ln.csv,,,,0.0,false,-1,100,1,channel_update,,,,0,,1,5000,631,63,,,0,2,631,4984672,0.9684,0.0192,0.0,0.0124,0.036051667630615,0.036051667630615,633.6592,33188.16225536,2010,0,400.0,601.0,603.0,802.0,806.0,647.6621230896324,25711.45461242764,2010,200,401.0,601.0,603.0,802.0,806.0,204.53164556962025,72156.62874539336,803,0,0.0,0.0,0.0,403.0,604.0,0.02560925237505163,0.028257838229139534,2,0,0.0,0.0,0.0,0.0,0.0,1609.8213548120611,308300703.8187675,601012,0,0.0,2.0,1000.0,1083.75,2210.8499999999995,0.0025956907941157175,0.0008224123992485253,1.1099144628771846,0.0,0.0,3.2238098159024764e-06,0.001466350912487302,0.0018705772912913057,0.003701682477354607,3.1798843453118546,0.4882942451948316,6,1,2.0,3.0,3.0,4.0,4.0,0.0,340330026.11436117,3.5031741703611565e+17,18627294526,36083563,57569707.0,71172508.5,205766640.5,379040894.25,950473057.0,,,,,,,,,,,,,,,,,,,,,,,,,,,
routing_method=channel_update/average_payment_amount=63/,true,nodes_ln.csv,channels_ln.csv,edges_ln.csv,,,,0.0,false,-1,100,1,channel_update,,,,0,,1,5000,63,6,,,0,2,63,4984672,0.9906,0.0076,0.0,0.0018,0.0033884791708192145,0.0033884791708192145,632.6322,22747.160523159997,1401,0,401.0,601.0,603.0,802.0,805.0,637.6624268120331,19817.24562439526,1401,200,401.0,601.0,603.0,802.0,805.0,102.53191489361703,47837.483023992776,605,0,0.0,0.0,0.0,0.0,602.7,0.0016151827175449223,0.0016125739023338667,1,0,0.0,0.0,0.0,0.0,0.0,1494.3589743589744,301520881.48995423,601006,0,0.0,2.0,1000.0,1017.0,2021.0,0.024135627148814377,0.08042964854564433,11.031863646392587,0.0,0.0,3.0426117779501924e-05,0.014472637894889033,0.017561095419378607,0.03487394832067572,3.1738340399757723,0.48522691128222495,6,1,2.0,3.0,3.0,4.0,4.0,0.0,34711117.53011924,4050656554068476.5,2690807107,3729829,5764940.0,7028500.0,20647604.0,38515397.75,96086385.54999998,,,,,,,,,,,,,,,,,,,,,,,,,,,
routing_method=channel_update/average_payment_amount=10/,true,nodes_ln.csv,channels_ln.csv,edges_ln.csv,,,,0.0,false,-1,100,1,channel_update,,,,0,,1,5000,10,1,,,0,2,10,4984668,0.9934,0.0066,0.0,0.0,0.00039984006397441024,0.00039984006397441024,633.1648,22262.537640960003,1407,0,401.0,601.0,603.0,802.0,805.0,637.3714515804309,19729.246964331407,1407,200,401.0,601.0,603.0,802.0,805.0,0.0,0.0,0,0,0.0,0.0,0.0,0.0,0.0,0.0004026575397624321,0.00040249540666810447,1,0,0.0,0.0,0.0,0.0,0.0,1472.588282665593,300158896.01551,601006,0,0.0,2.0,1000.0,1009.0,2004.0,0.14994447676805814,3.189384858992504,70.06083605791686,0.0,0.0,0.00018561492752628547,0.09036796536796536,0.10998130961688504,0.21957667046357,3.1745520434870143,0.4867451939393514,6,1,2.0,3.0,3.0,4.0,4.0,0.0,6122654.298148148,218118338152932.1,502724955,565400,910795.0,1119866.0,3452163.0,6562092.0,16618064.649999993,,,,,,,,,,,,,,,,,,,,,,,,,,,
routing_method=channel_update/average_payment_amount=16/,true,nodes_ln.csv,channels_ln.csv,edges_ln.csv,,,,0.0,false,-1,100,1,channel_update,,,,0,,1,5000,16,1,,,0,2,16,4984671,0.9928,0.0066,0.0,0.0006,0.000999000999000999,0.000999000999000999,632.977,22264.711271000004,1406,0,401.0,601.0,603.0,802.0,805.0,637.2842465753424,19706.28886544766,1406,200,401.0,601.0,603.0,802.0,805.0,39.05555555555556,19741.885802469133,604,0,0.0,0.0,0.0,0.0,301.5,0.00040290088638195,0.00040273855725770263,1,0,0.0,0.0,0.0,0.0,0.0,1474.135979049154,300341954.945853,601006,0,0.0,2.0,1000.0,1011.0,2006.0,0.09296567456016885,1.2125331247670714,41.197541884097774,0.0,0.0,0.00011992205099041604,0.058627155809263545,0.06677654761865258,0.1326963906581741,3.1740531829170022,0.4862244258581204,6,1,2.0,3.0,3.0,4.0,4.0,0.0,9370803.407262627,384820072396164.06,781933243,1177054,1513081.0,1724373.0,5262652.0,10311084.0,25202432.0,,,,,,,,,,,,,,,,,,,,,,,,,,,
routing_method=channel_update/average_payment_amount=40/,true,nodes_ln.csv,channels_ln.csv,edges_ln.csv,,,,0.0,false,-1,100,1,channel_update,,,,0,,1,5000,40,4,,,0,2,40,4984669,0.9916,0.0072,0.0,0.0012,0.002195170624625823,0.002195170624625823,632.7272,22594.151180160003,1408,0,401.0,601.0,603.0,802.0,805.0,637.4794271883824,19807.163655016782,1408,200,401.0,601.0,603.0,802.0,805.0,71.73809523809524,34216.66950113379,606,0,0.0,0.0,0.0,0.0,601.0,0.001008471157724889,0.001007454143648926,1,0,0.0,0.0,0.0,0.0,0.0,1479.2319483662768,300713624.4960184,601006,0,0.0,2.0,1000.0,1013.75,2013.0,0.037653127998178756,0.19968927870704084,17.513675238623428,0.0,0.0,4.741443789102222e-05,0.022660751280854,0.02766081136635568,0.055030339519555,3.174062121823316,0.4862413047330533,6,1,2.0,3.0,3.0,4.0,4.0,0.0,22310609.441724103,1780518979657499.8,1895740242,2261900,3640300.0,4485300.0,13211594.0,24677287.0,61355462.0,,,,,,,,,,,,,,,,,,,,,,,,,,,
routing_method=channel_update/average_payment_amount=6310/,true,nodes_ln.csv,channels_ln.csv,edges_ln.csv,,,,0.0,false,-1,100,1,channel_update,,,,0,,1,5000,6310,631,,,0,2,6310,4984672,0.8004,0.096,0.0,0.1036,0.24058323207776428,0.24058323207776428,642.0806,137692.28210364,5619,0,0.0,600.0,602.0,802.0,1205.0,717.488255872064,92327.73112144577,5619,200,401.0,601.0,603.0,803.0,1206.0,339.6943887775551,205365.38455769257,4614,0,0.0,0.0,200.0,602.0,1202.15,0.2181409295352324,0.4024395223677517,9,0,0.0,0.0,0.0,0.0,1.0,2383.9032983508246,294150500.98889965,601076,0,6.0,14.0,1011.0,2010.0,7037.899999999996,0.0003859951260336873,8.143679545823336e-06,0.11102274699569203,0.0,1.0000094538033805e-06,2.2412282303472377e-06,0.00016028206757318997,0.00029228932223953046,0.0011400048195488708,3.2001499250374814,0.4844277636294297,6,1,2.0,3.0,3.0,4.0,4.0,0.0,3371972133.8637266,2.708215113752982e+19,156242688451,356828800,578507440.0,1081873254.0,2032392936.0,3710739145.0,10191188323.200003,,,,,,,,,,,,,,,,,,,,,,,,,,,
routing_method=channel_update/average_payment_amount=2512/,true,nodes_ln.csv,channels_ln.csv,edges_ln.csv,,,,0.0,false,-1,100,1,channel_update,,,,0,,1,5000,2512,251,,,0,2,2512,4985272,0.8974,0.0522,0.0,0.0504,0.1293748911718614,0.1293748911718614,636.5634,72583.54198044,4822,0,0.0,601.0,603.0,802.0,1004.0,676.9904167595275,52216.94240871867,4822,200,401.0,601.0,603.0,802.0,1005.0,282.96491228070175,111394.98902226325,2004,0,0.0,0.0,0.0,601.0,803.0,0.09917539558725207,0.15397079317220258,7,0,0.0,0.0,0.0,0.0,1.0,1967.7058168041008,333621194.0293466,601033,0,2.0,6.0,1004.0,1567.5,3589.899999999997,0.0007992278771801897,5.631169911683037e-05,0.2788424046982695,0.0,8.457784871050552e-07,2.4730742800572357e-06,0.0003887214313922145,0.0006273161345304056,0.0014185557449827217,3.1907733452195233,0.4855578374174479,6,1,2.0,3.0,3.0,4.0,4.0,0.0,1354261408.5317194,4.874525431001818e+18,69135778712,142139800,229709680.0,295704278.0,818339219.0,1509490549.25,3858053646.349999,,,,,,,,,,,,,,,,,,,,,,,,,,,
routing_method=channel_update/average_payment_amount=63096/,true,nodes_ln.csv,channels_ln.csv,edges_ln.csv,,,,0.0,false,-1,100,1,channel_update,,,,0,,1,5000,63096,6309,,,0,2,63096,4988889,0.449,0.3832,0.0,0.1678,0.4975379358858406,0.4975379358858406,650.3892,1018164.09972336,23875,0,0.0,0.0,600.0,803.0,2206.0,1063.6703786191538,1181604.8721960704,23875,200,401.0,602.0,801.0,1007.0,2610.7999999999997,313.6137931034483,632378.5390474998,10242,0,0.0,0.0,0.0,402.0,1405.0,1.264587973273942,10.304158015089211,70,0,0.0,0.0,0.0,1.0,6.0,10590.199109131403,2367655732.4596877,1805141,0,63.0,164.0,1176.0,5146.0,61876.4,0.0001662036503339604,4.760174682410051e-07,0.022884396034845815,0.0,1.004761586524014e-06,2.0596874701256535e-06,1.9868313178242234e-05,8.371734885171313e-05,0.0010000311742451808,3.31358574610245,0.5662519531153118,6,1,2.0,3.0,3.0,4.0,4.0,0.0,36189464570.88672,4.12996902831941e+21,2072878268413,4348883000,5818082150.0,11621300022.5,19612046700.0,36615328208.5,117981211254.39996,,,,,,,,,,,,,,,,,,,,,,,,,,,
routing_method=channel_update/average_payment_amount=10000/,true,nodes_ln.csv,channels_ln.csv,edges_ln.csv,,,,0.0,false,-1,100,1,channel_update,,,,0,,1,5000,10000,1000,,,0,2,10000,4985677,0.737,0.1312,0.0,0.1318,0.30109029913335195,0.30109029913335195,646.6806,205596.05578364,7835,0,0.0,402.0,602.0,803.0,1404.0,749.3750339213026,134659.63411210876,5221,200,401.0,601.0,603.0,803.0,1406.0,358.9019011406844,292010.01851349586,7835,0,0.0,0.0,200.0,602.0,1204.0,0.31343283582089554,0.6531845521375483,11,0,0.0,0.0,0.0,0.0,2.0,3165.4081411126185,431744147.3492961,601118,0,10.0,23.0,1019.0,2020.0,10961.199999999997,0.0003225810461122382,4.590980654431235e-06,0.07005604782723016,0.0,1.002248082738649e-06,2.1551935089881896e-06,0.00010385434138155219,0.0002029672403840502,0.0010942307142974704,3.2002713704206243,0.4841790308357067,5,1,2.0,3.0,3.0,4.0,4.0,0.0,5352884453.956366,6.284646302958329e+19,182718718572,565497300,920199297.7,1804062435.0,3185659715.0,5889932676.0,16179339169.999994,,,,,,,,,,,,,,,,,,,,,,,,,,,
routing_method=channel_update/average_payment_amount=251/,true,nodes_ln.csv,channels_ln.csv,edges_ln.csv,,,,0.0,false,-1,100,1,channel_update,,,,0,,1,5000,251,25,,,0,2,251,4984672,0.9834,0.012,0.0,0.0046,0.013417521704814523,0.013417521704814523,632.655,26544.681575,1409,0,401.0,601.0,603.0,802.0,805.0,641.1728696359569,21810.97438698585,1409,200,401.0,601.0,603.0,802.0,805.0,128.04819277108433,48047.85309914355,604,0,0.0,0.0,0.0,200.5,602.0,0.009151921903599756,0.009068164229070171,1,0,0.0,0.0,0.0,0.0,0.0,1534.9442749644093,303812419.8679543,601008,0,0.0,2.0,1000.0,1042.0,2053.5999999999995,0.00622864606514958,0.0051236550194783265,2.7891455931573077,0.0,0.0,7.96508108452544e-06,0.0036355576727138,0.0045620730573105416,0.008926835787212097,3.1759202765914174,0.48583057977393207,6,1,2.0,3.0,3.0,4.0,4.0,0.0,136043173.49241492,5.80139772483006e+16,8536798086,14379774,22867265.75,28187527.75,81847675.5,151632640.0,379684128.0,,,,,,,,,,,,,,,,,,,,,,,,,,,
routing_method=channel_update/average_payment_amount=25/,true,nodes_ln.csv,channels_ln.csv,edges_ln.csv,,,,0.0,false,-1,100,1,channel_update,,,,0,,1,5000,25,2,,,0,2,25,4984672,0.9922,0.0068,0.0,0.001,0.0013980427401637707,0.0013980427401637707,632.7644,22313.158092640002,1402,0,401.0,601.0,603.0,802.0,805.0,637.2114493045757,19686.63680501502,1402,200,401.0,601.0,603.0,802.0,805.0,67.07692307692308,33902.17357001972,605,0,0.0,0.0,0.0,0.0,603.1,0.00040314452731304173,0.0004029820018031394,1,0,0.0,0.0,0.0,0.0,0.0,1475.7496472485386,300526681.52410036,601006,0,0.0,2.0,1000.0,1012.0,2009.0,0.059794587814685836,0.5029921368538951,27.113787337882417,0.0,0.0,7.645552200007645e-05,0.03691671588895452,0.04342663273960984,0.08639308855291576,3.173755291271921,0.4858340937157032,6,1,2.0,3.0,3.0,4.0,4.0,0.0,14228557.156323968,775019462572116.9,1209183802,1647209,2321680.0,2744500.0,8211820.0,15648870.0,38739282.0,,,,,,,,,,,,,,,,,,,,,,,,,,,
routing_method=channel_update/average_payment_amount=39811/,true,nodes_ln.csv,channels_ln.csv,edges_ln.csv,,,,0.0,false,-1,100,1,channel_update,,,,0,,1,5000,39811,3981,,,0,2,39811,4985676,0.5484,0.2824,0.0,0.1692,0.45121281966853255,0.45121281966853255,662.0666,596425.75976444,16054,0,0.0,0.0,602.0,804.0,2003.0500000000002,921.8698030634573,427097.4370968978,7436,200,401.0,601.0,801.0,1004.0,2205.0,346.5748449955713,620548.619951814,16054,0,0.0,0.0,0.0,600.0,1602.15,0.8347921225382933,3.2203358247665372,20,0,0.0,0.0,0.0,1.0,4.0,6918.1291028446385,549283852.3283361,601453,0,39.0,98.0,1098.0,3176.0,40299.69999999998,0.00017537021095426257,3.7411070830345006e-07,0.017599605743304613,0.0,1.0047963902202433e-06,2.0542233249963294e-06,2.943842526546003e-05,8.612125766775196e-05,0.001001013911287903,3.2789934354485775,0.5162545666965129,5,1,2.0,3.0,3.0,4.0,4.0,0.0,22239442538.517548,1.2587015721314683e+21,946526587159,2758345000,3690798058.8,7344583023.0,12411006642.0,23566890083.75,72827071067.24998,,,,,,,,,,,,,,,,,,,,,,,,,,,
routing_method=channel_update/average_payment_amount=100/,true,nodes_ln.csv,channels_ln.csv,edges_ln.csv,,,,0.0,false,-1,100,1,channel_update,,,,0,,1,5000,100,10,,,0,2,100,4984669,0.9886,0.0092,0.0,0.0022,0.004578936890304599,0.004578936890304599,631.9528,23518.23257216,1406,0,401.0,601.0,603.0,802.0,805.0,638.0623103378515,19975.01412268176,1406,200,401.0,601.0,603.0,802.0,805.0,102.14035087719299,46845.5241612804,603,0,0.0,0.0,0.0,0.0,603.0,0.002427675500708072,0.0024217818923713327,1,0,0.0,0.0,0.0,0.0,0.0,1502.2431721626542,302145283.359439,601007,0,0.0,2.0,1000.0,1021.0,2031.7999999999993,0.015307069710010517,0.03211335731792433,7.005429198580235,0.0,0.0,1.9362865931764673e-05,0.009087690310397734,0.01118371893584732,0.02212846358722044,3.174185717175804,0.4853380735406905,6,1,2.0,3.0,3.0,4.0,4.0,0.0,54550665.9421004,9499961944720216.0,3778669626,5711449,9105857.0,11219989.0,32771100.0,60888989.0,151740190.0,,,,,,,,,,,,,,,,,,,,,,,,,,,
routing_method=channel_update/average_payment_amount=25119/,true,nodes_ln.csv,channels_ln.csv,edges_ln.csv,,,,0.0,false,-1,100,1,channel_update,,,,0,,1,5000,25119,2511,,,0,2,25119,4985475,0.6242,0.2146,0.0,0.1612,0.40933254577672773,0.40933254577672773,671.1424,462586.07892223995,15452,0,0.0,401.0,602.0,804.0,1805.0,849.9698814482538,268918.7039951478,8228,200,401.0,601.0,605.0,1001.0,1809.0,374.111761575306,642921.1892123837,15452,0,0.0,0.0,0.0,601.0,1427.2999999999824,0.6078180070490228,1.6879106826747852,16,0,0.0,0.0,0.0,1.0,3.0,4965.2383851329705,468984479.7810451,601288,0,24.0,60.0,1054.0,2463.0,25697.0,0.00020044771007445364,8.092970543220001e-07,0.02788919727947816,0.0,1.0040609664145372e-06,2.0776854916053194e-06,4.4108615921786337e-05,0.00010138734502128216,0.0010047637883455283,3.24895866709388,0.504184272883068,5,1,2.0,3.0,3.0,4.0,4.0,0.0,13841475714.8534,4.5805859120034696e+20,478614919026,1727064751,2328675500.0,4654782037.5,7955892227.5,14836506662.5,43643062278.5,,,,,,,,,,,,,,,,,,,,,,,,,,,
routing_method=channel_update/average_payment_amount=1585/,true,nodes_ln.csv,channels_ln.csv,edges_ln.csv,,,,0.0,false,-1,100,1,channel_update,,,,0,,1,5000,1585,158,,,0,2,1585,4985272,0.929,0.0384,0.0,0.0326,0.08792411528639182,0.08792411528639182,633.5256,53799.056144639995,3010,0,400.0,601.0,603.0,802.0,1002.0,662.8895586652314,38678.56455190425,3010,200,401.0,601.0,603.0,802.0,1002.0,249.31267605633803,92741.65152945845,1608,0,0.0,0.0,0.0,600.0,800.0,0.06501614639397202,0.09135955302239408,5,0,0.0,0.0,0.0,0.0,1.0,1787.7909580193757,320581062.90463305,601023,0,1.0,4.0,1002.0,1405.0,2873.8000000000075,0.0011511568862018395,0.00013588296712195466,0.44174970292481014,0.0,6.578578305909209e-07,2.606255403907689e-06,0.0006113053162881541,0.0008797348098367049,0.0017847737519266617,3.1836383207750267,0.488343705571346,6,1,2.0,3.0,3.0,4.0,4.0,0.0,851734374.6846901,2.03503214546473e+18,45306988535,89848500,144920225.7,181707500.0,513913702.0,949588287.5,2398144289.4999995,,,,,,,,,,,,,,,,,,,,,,,,,,,
routing_method=channel_update/average_payment_amount=398/,true,nodes_ln.csv,channels_ln.csv,edges_ln.csv,,,,0.0,false,-1,100,1,channel_update,,,,0,,1,5000,398,39,,,0,2,398,4984672,0.9774,0.0154,0.0,0.0072,0.020184205369390553,0.020184205369390553,632.3122,29039.053931159997,1605,0,400.0,601.0,603.0,802.0,805.0,643.3603437691836,22973.878541973085,1605,201,401.0,601.0,603.0,802.0,805.0,154.50442477876106,57765.31192732398,801,0,0.0,0.0,0.0,400.0,603.4,0.013709842439124207,0.014340380715485714,2,0,0.0,0.0,0.0,0.0,0.0,1566.2850419480253,305759755.2547444,601010,0,0.0,2.0,1000.0,1052.0,2094.7,0.004005995633976573,0.0020481115459502035,1.754245266469412,0.0,0.0,5.054359646169449e-06,0.0023058557703764834,0.002898423989500525,0.005698225153481487,3.1784325762226313,0.48627108523303986,6,1,2.0,3.0,3.0,4.0,4.0,0.0,215042637.55855304,1.4452398114024288e+17,13159086291,23082843,36320350.0,44692007.75,129774829.5,239985452.75,597308253.0,,,,,,,,,,,,,,,,,,,,,,,,,,,
routing_method=channel_update/average_payment_amount=1000/,true,nodes_ln.csv,channels_ln.csv,edges_ln.csv,,,,0.0,false,-1,100,1,channel_update,,,,0,,1,5000,1000,100,,,0,2,1000,4985276,0.9516,0.0276,0.0,0.0208,0.057492931196983975,0.057492931196983975,632.8794,40895.69885564,2408,0,400.0,601.0,603.0,802.0,806.0,652.9142496847414,29788.748006278136,2408,200,401.0,601.0,603.0,802.0,806.0,238.97107438016528,96215.5404856226,1612,0,0.0,0.0,0.0,600.0,605.95,0.0403530895334174,0.04881299008187974,4,0,0.0,0.0,0.0,0.0,0.0,1682.2711223203025,312432113.4704187,601017,0,0.0,4.0,1001.0,1110.0,2406.1499999999996,0.001716038078840519,0.0003327310881042035,0.7005424515634888,0.0,0.0,3.6081674472327314e-06,0.0009621684583946903,0.00121223735081413,0.002552759078256291,3.180117696511139,0.48983588358342867,6,1,2.0,3.0,3.0,4.0,4.0,0.0,539025938.3441612,8.55838268928057e+17,28976834467,56549700,91295100.0,113197875.0,325339811.5,601921802.0,1509886684.6499946,,,,,,,,,,,,,,,,,,,,,,,,,,,
